热销排名,商品信息,所属店铺,支付子订单数,交易增长幅度,支付转化率指数,日期：20170626,日期：20170627,日期：20170628,日期：20170629,日期：20170630,日期：20170701,日期：20170702
1,俞兆林高腰七分牛仔中裤女 7分裤夏季2017新款修身小脚铅笔裤学生价格：298,曼岛服饰专营店,6502,0,284,,,,,,,1
2,2017新款高腰牛仔大码胖mm学生显瘦韩版百搭宽松阔腿超短裤女夏季价格：45,雅羊人旗舰店,3216,0.0526,208,2,1,2,1,1,2,2
3,高腰牛仔超短裤女夏2017新款韩版宽松破洞阔腿裤a字卷边显瘦热裤价格：128,法欧黛旗舰店,2621,0.451,312,,,,,,8,3
4,牛仔短裤女2017夏新款韩版高腰显瘦a字裤子宽松阔腿热裤刺绣裤裙价格：298,皇袍旗舰店,2342,0.1418,186,5,6,9,4,2,6,4
5,韩版直筒宽松大码破洞牛仔裤女长裤韩国小脚九分哈伦裤学生春夏款价格：128,深一渡旗舰店,2290,0.5167,221,,,,,86,18,5
6,牛仔短裤女夏高腰宽松破洞热裤春季女2017新款韩版a字学生阔腿裤价格：90,东哞旗舰店,2241,-0.1037,225,85,80,143,126,107,5,6
7,牛仔超短裤女夏2017新款高腰流行韩版百搭显瘦便宜破洞白色热裤子价格：298,安玖服饰专营店,2234,0.388,165,26,14,19,15,15,11,7
8,白色牛仔短裤女夏韩版2017新款a字超短裤裙宽松高腰大码阔腿热裤价格：298,野田妹旗舰店,1858,0.0814,142,9,5,4,3,4,9,8
9,牛仔短裤女松紧腰大码高腰韩版阔腿宽松2017新款夏季胖mm显瘦a字价格：98,尚岚之家服饰,1833,1228.8103,218,,,,,,,9
10,夏季白色牛仔短裤女高腰排扣宽松学生破洞毛边阔腿裤弹力显瘦热裤价格：168,简芭朵旗舰店,1791,0.1269,180,6,7,10,5,10,10,10
11,短裤女夏2017新款气质高腰韩版宽松显瘦学生热裤潮破洞白色牛仔裤价格：198,娜诗恋旗舰店,1670,0.2541,212,45,31,25,16,18,16,11
12,超短裤女夏季韩版宽松百搭毛边高腰显瘦阔腿学生破洞牛仔裤热裤潮价格：19.98,HL哈喽妹妹,1646,0.1504,158,8,10,17,13,17,13,12
13,2017夏季牛仔短裤女韩版破洞毛边胖妹妹180斤宽松显瘦阔腿热裤潮价格：85,裙彩飞扬伊雅雅,1612,0.0722,233,41,16,23,12,7,12,13
14,夏装女装韩版高腰阔腿裤宽松显瘦毛边缺口白色牛仔裤短裤学生热裤价格：29.98,可可里小姐,1547,0.1086,161,19,24,11,8,13,14,14
15,春夏新款韩版学生牛仔裤高腰显瘦时尚百搭直筒裤热裤女挽边短裤潮价格：89,沐兰客名媛女装,1523,308.9214,215,,,,,,,15
16,牛仔短裤女夏白色2017新款高腰韩版宽松大码显瘦胖mm学生百搭热裤价格：109,慕汀服饰旗舰店,1499,0.1516,162,7,4,8,6,11,19,16
17,牛仔五分裤女夏宽松bf风2017新款韩版高腰破洞牛仔短裤chic中裤女价格：219,尚蔓蒂旗舰店,1434,5.3773,144,240,244,282,236,246,242,17
18,毛边高腰短裤牛仔夏女韩版学生宽松阔腿热裤显瘦2017新款短裤白色价格：168,纪悦旗舰店,1296,0.0193,177,10,9,14,10,14,20,18
19,春夏季薄款bf风韩版浅色破洞牛仔裤女高腰宽松显瘦九分裤哈伦裤子价格：199,flavie服饰旗舰店,1274,0.2879,186,17,15,35,24,24,30,19
20,高腰牛仔短裤女夏2017新款韩版宽松阔腿裤卷边A字热裤学生超短裤价格：189,知讯旗舰店,1249,0.0381,201,18,13,22,17,19,21,20
21,白色破洞高腰牛仔短裤女夏季2017新款韩版百搭宽松大码胖mm热裤bf价格：130,雅姿娘 YZN原创定制,1218,0.09,185,11,17,15,14,16,23,21
22,超短裤女夏2017新款高腰韩版宽松显瘦学生热裤潮破洞白色牛仔短裤价格：118,索斐春天旗舰店,1209,0.0413,142,14,12,24,19,23,22,22
23,红记夏季新款韩版高腰宽松灰色牛仔短裤女松紧腰显瘦卷边阔腿热裤价格：99,红记旗舰店,1202,-0.5499,158,489,,,,,4,23
24,高腰牛仔短裤女夏2017新款韩版白色破洞毛边超短裤学生宽松热裤潮价格：109,萝衣莉旗舰店,1177,0.2424,182,49,29,41,32,34,33,24
25,夏季新款高腰牛仔短裤女大码宽松胖mm阔腿四分bf风热裤五分中裤薄价格：98,LORI女生,1148,0.0186,156,39,39,32,27,20,24,25
26,牛仔短裤女夏高腰宽松弹力热裤夏季女2017新款韩版a字学生阔腿裤价格：88,卡帛莉旗舰店,1140,0.1716,167,21,21,29,20,27,31,26
27,高腰女土牛仔短裤女夏2017新款 韩版阔腿韩国a字宽松藏肉女士热裤价格：55,东哞旗舰店,1119,3.4041,248,,,,,,194,27
28,白色毛边牛仔短裤女破洞夏季阔腿宽松显瘦高腰大码A字型热裤学生价格：99,artinside旗舰店,1098,0.0597,193,16,19,34,21,29,27,28
29,黑色破洞牛仔短裤女夏2017新款高腰百搭显瘦韩版学生时尚修身弹力价格：169,潮元素韩版女装,1098,0.0857,175,27,33,38,36,42,29,29
30,【SASA小姐】定制 新款小热裤夏显瘦潮流毛边绑带高腰牛仔短裤 女价格：155,SASA小姐自制,1060,0,297,,,,,,,30
31,2017新款韩版时尚百搭a字宽松高腰牛仔短裤裙女夏显瘦薄阔腿热裤价格：99,初牛旗舰店,1058,0.2125,208,36,42,48,28,40,39,31
32,高腰牛仔短裤女夏白色百搭宽松学生韩版显瘦破洞牛仔短裤女热裤潮价格：109,尚琛旗舰店,1049,0.0264,177,25,18,39,23,22,28,32
33,2017夏季宽松可爱小清新森女系牛仔背带裤连体裤吊带韩版潮学生价格：119,戚米旗舰店,1046,1.0907,79,258,223,197,153,104,90,33
34,高腰破洞牛仔短裤女夏潮毛边阔腿胖mm200斤宽松加肥加大码a字热裤价格：29.9,Since2015  沫沫家,1005,-0.1323,191,3,3,5,7,8,17,34
35,2017新款韩版学生高腰破洞毛边黑色牛仔短裤女夏季宽松阔腿热裤子价格：98,布俏旗舰店,966,0.058,159,22,22,33,25,32,34,35
36,牛仔短裤女夏高腰韩版大码胖mm学生百搭松紧腰显瘦热裤2017新款潮价格：298,库碧旗舰店,955,0.194,169,30,26,43,34,52,43,36
37,毛边牛仔短裤女夏2017新款高腰韩版白色阔腿胖mm宽松大码a字热裤价格：98,欣嘉霓旗舰店,940,-0.0307,245,130,72,97,68,25,32,37
38,高腰牛仔短裤女夏学生卷边宽松显瘦a字短裤阔腿裤大码热裤女韩版价格：99,左岸偌安旗舰店,934,0.0569,158,23,44,60,43,33,38,38
39,牛仔短裤女夏韩版大码胖mm松紧腰五分裤2017新款宽松高腰阔腿热裤价格：168,stylegoodyou旗舰店,932,0.2475,185,63,53,63,59,57,46,39
40,夏季学生白色弹力破洞牛仔短裤女毛边大码韩版潮宽松显瘦阔腿热裤价格：308,attainluxury奢臻旗舰店,911,0.0143,199,24,27,46,29,28,37,40
41,牛仔短裤女夏高腰韩版宽松学生百搭显瘦牛仔裤热裤子2017夏季新款价格：88,爱梦雅旗舰店,911,0.1653,165,35,36,61,56,50,44,41
42,高腰牛仔短裤女夏装胖mm宽松200斤加肥加大码显瘦阔腿破洞a字热裤价格：99,胖MM大购物,901,0.3324,214,147,97,153,94,53,58,42
43,牛仔短裤女夏2017新款韩版破洞宽松显瘦学生卷边阔腿热裤超短裤潮价格：139,凸傲旗舰店,893,-0.7259,153,81,77,115,74,88,1,43
44,黑色高腰前短后长牛仔短裤女夏毛边热裤胖mm加肥加大码宽松200斤价格：19.9,Sun goddess衣橱,887,-0.1764,221,80,45,58,49,35,25,44
45,松紧腰高腰牛仔短裤女夏韩版2017新款宽松胖mm卷边显瘦大码短裤潮价格：89,卿若服饰旗舰店,879,0.0592,146,61,52,65,46,54,40,45
46,牛仔短裤女夏季白色百搭牛仔裤2017新款韩版宽松学生高腰显瘦热裤价格：79,慕汀服饰旗舰店,868,0.0769,188,57,50,67,50,49,41,46
47,2017韩版大码牛仔短裤女夏装新款学生百搭a字热裤宽松显瘦阔腿裤价格：85,雅莉派时尚女装,866,0.4078,160,231,130,144,83,72,71,47
48,夏季薄款bf风韩版破洞牛仔裤女9分高腰宽松显瘦九分裤哈伦裤子价格：118,乐诗朵旗舰店,863,0.4677,182,249,122,154,90,70,76,48
49,牛仔短裤女夏中腰弹力翻边破洞毛边大码韩版修身显瘦学生短裤女夏价格：108,摩狮顿旗舰店,855,0.1435,164,42,28,52,39,36,47,49
50,夏季学生白色弹力破洞牛仔短裤女毛边大码韩版潮宽松显瘦阔腿热裤价格：39.98,小菲家新款每日更新,841,0.1315,186,37,35,69,54,43,48,50
51,毛边牛仔短裤女夏2017新款高腰韩版白色阔腿胖mm宽松大码a字热裤价格：98,欣嘉霓旗舰店,837,0.1457,194,43,34,51,33,46,51,51
52,牛仔短裤夏季女2017新款韩版高腰宽松破洞毛边学生阔腿裤显瘦热裤价格：139,纯儿服饰旗舰店,834,0.3213,162,12,74,133,101,116,65,52
53,流苏毛边高腰牛仔短裤女夏季宽松阔腿热裤学生修身a字白色短裤子价格：159,简希玛旗舰店,832,0.3916,156,66,60,99,80,98,73,53
54,超短裤女夏季韩版宽松百搭毛边高腰显瘦阔腿学生破洞牛仔裤热裤潮价格：19.9,苏菲家潮人馆,824,0.0777,178,48,48,62,45,47,45,54
55,高腰破洞牛仔短裤女夏潮毛边阔腿胖mm200斤宽松加肥加大码a字热裤价格：29.9,Since2015  沫沫家,801,0.1434,201,40,41,68,41,38,52,55
56,牛仔短裤女夏季破洞毛边高腰白色宽松学生阔腿牛仔裤显瘦百搭热裤价格：99,KO裤业总店,791,0.0682,212,4,8,28,30,41,50,56
57,高腰牛仔短裤女夏季2017新款韩版学生宽松翻边热裤百搭破洞超短裤价格：108,书香谷旗舰店,789,0.2883,166,64,70,92,72,83,70,57
58,黑白灰色高腰牛仔短裤女夏毛边胖mm加肥大码宽松200斤韩版热裤潮价格：29.9,Since2015  沫沫家,765,0.0518,150,31,43,56,44,48,49,58
59,牛仔短裤女夏2017新款高腰流行韩版宽松学生百搭显瘦毛边白色热裤价格：298,爱衣频道旗舰店,751,0.0319,191,,,141,22,26,67,59
60,韩版新款高腰破洞牛仔短裤女夏胖mm大码阔腿裤显瘦性感毛边热裤潮价格：79,喜登米莱旗舰店,744,0.0728,227,32,38,54,48,55,55,60
61,千衣百酷2017夏季新款高腰破洞牛仔短裤女韩版百搭宽松显C热裤潮价格：110,千衣百酷旗舰店,743,0.0659,133,50,55,74,55,67,54,61
62,初牛2017夏季新款牛仔短裤女中腰弹力显瘦学生韩版休闲宽松热裤潮价格：198,初牛旗舰店,742,0.0784,172,38,37,47,42,44,56,62
63,修身小脚牛仔裤女七分裤 夏季薄款韩版显瘦大码中裤女7八分裤子潮价格：98,迈可思旗舰店,717,0.0943,226,47,47,77,61,61,64,63
64,2017韩时尚高腰大码破洞牛仔短裤女夏宽松百搭显瘦学生热裤送腰带价格：118,品牛仔紫沫店,705,0.0531,191,33,49,21,26,45,63,64
65,牛仔短裤女2017夏季新款韩版高腰做旧破洞毛边宽松显瘦学生热裤潮价格：19,Nice潮人馆,697,0.0365,158,62,61,87,70,73,62,65
66,蜜妃儿2017夏季新款女装韩版高腰牛仔短裤女夏热裤显瘦不规则下摆价格：116,蜜妃儿旗舰店,691,-0.2289,151,83,100,119,145,,35,66
67,高腰牛仔短裤女夏宽松韩版大码胖mm学生五分松紧腰显瘦2017新款潮价格：269,紫霞仙子与牛仔,684,0.253,181,86,63,110,108,90,81,67
68,牛仔短裤女2017夏新款韩版高腰显瘦a字裤子宽松阔腿热裤简约裤裙价格：298,fxdis旗舰店,684,0.4347,135,110,92,148,105,108,95,68
69,松紧腰宽松加肥加大码胖mm200斤牛仔短裤女夏季薄七分裤中裤马裤价格：129,牛 家 河 儿,680,0.1445,162,56,79,128,102,81,75,69
70,网格破洞牛仔短裤女夏新款高腰毛边渔网拼接短裤个性显瘦阔腿热裤价格：139,小歪潮流女装,669,-0.0089,217,46,56,89,69,37,61,70
71,高腰排扣性感破洞牛仔短裤女学生毛边2017夏新款韩版a字阔腿热裤价格：29.9,Since2015  沫沫家,668,-0.0081,174,29,32,42,57,63,59,71
72,黑色牛仔短裤女夏白色2017新款外穿显瘦高腰宽松韩版学生a字阔腿价格：138,简卡奴旗舰店,668,0.2034,133,74,69,73,60,71,80,72
73,高腰牛仔短裤女夏2017新款显瘦韩版百搭学生热裤潮短裤ulzzang女价格：159,Chenkengwei,658,0.2363,125,84,86,122,107,74,83,73
74,高腰牛仔裤女九分裤春夏季2017新款韩版破洞学生铅笔裤黑色小脚裤价格：99,本真之美旗舰店,656,0.1529,189,54,54,75,64,62,78,74
75,牛仔短裤女夏白色高腰2017新款韩版宽松学生百搭大码胖mm显瘦热裤价格：288,香舒婷旗舰店,641,0.1568,157,59,64,98,92,100,79,75
76,夏装女装韩版宽松高腰毛边牛仔裤短裤小开叉阔腿裤学生热裤显瘦潮价格：29.98,可可里小姐,628,0.2346,150,104,176,72,63,93,87,76
77,200斤夏季胖mm加肥加大码女装松紧腰阔腿宽松破洞牛仔裤女短裤潮价格：182,yy潮流八爪娘娘西西小可6度梦梦家,627,0.0077,260,15,11,12,11,3,57,77
78,2017春夏女装高弹力大码修身显瘦卷边浅色高腰牛仔短裤热裤包邮价格：199,格秋旗舰店,617,0.3137,184,73,71,95,77,77,97,78
79,粉色彩边牛仔短裤女夏2017新款韩版流苏破洞宽松阔腿热裤高腰显瘦价格：109,简尚轩,610,-0.0896,150,28,23,36,35,60,60,79
80,2017韩版新款大码胖mm毛边绑带高腰牛仔短裤女夏宽松显瘦阔腿热裤价格：99,胖MM大购物,603,-0.0494,213,96,87,118,53,31,66,80
81,信购牛仔短裤女高腰2017春夏季新款破洞韩版浅蓝色宽松显C女热裤价格：198,信购旗舰店,600,-0.2434,129,,462,,,,42,81
82,镇店之宝！2017韩版百搭卷边弹力高腰浅色纯色修身牛仔短裤女裤价格：69,hello丑八怪,599,0.2404,136,72,93,134,103,87,93,82
83,高腰牛仔裤女九分裤夏装2017春夏季新款韩版显瘦小脚长裤铅笔裤子价格：128,爱斯麦乐驹专卖店,595,-0.0046,180,60,57,96,73,65,74,83
84,韩卡菲新款彩绘高腰牛仔裤女韩版宽松哈伦裤破洞九分裤直筒垮裤潮价格：138,韩卡菲旗舰店,593,81.4756,251,,,,,,,84
85,2017大码毛边牛仔短裤女夏新款韩版学生高腰宽松破洞胖mm阔腿热裤价格：129,尚兰奴旗舰店,593,0.0387,139,13,67,86,65,80,77,85
86,欧洲站破洞高腰牛仔短裤女士夏装2017新款大码显瘦时尚卷边热裤潮价格：159,郁小朵,589,0.1071,177,70,65,70,66,92,84,86
87,娅谷奈 牛仔短裤女夏2017新款 韩版百搭高腰宽松破洞学生阔腿热裤价格：158,娅谷奈旗舰店,579,0.2452,154,98,91,111,104,109,96,87
88,韩国ulzzang原宿风bf高腰水洗不规则毛边牛仔裤女宽松阔腿短裤女价格：19.98,小公主家,568,0.0955,163,58,76,85,76,85,86,88
89,2017百搭新款破洞牛仔短裤女夏季弹力热裤学生显瘦韩版毛边短裤潮价格：78,《韩美》,557,0.4092,211,341,109,124,133,95,109,89
90,2017新款韩版牛仔短裤女夏季学生高腰白色大码宽松破洞阔腿热裤子价格：100,爱莱蒙旗舰店,552,-0.0882,197,52,59,90,79,64,69,90
91,cheeseY 夏季牛仔短裤女高腰韩版宽松学生黑色毛边阔腿显瘦热裤潮价格：6,666,cheeseY studio 芝柚定制,538,0.0196,111,76,105,31,47,69,82,91
92,夏装女装韩版基础款高腰宽松阔腿裤2017新款卷边短裤牛仔裤显瘦潮价格：29.88,可可里小姐,537,0.0663,176,116,149,100,89,96,88,92
93,牛仔短裤女夏季学生白色破洞毛边韩版宽松超短裤大码高腰阔腿热裤价格：100,罗塔依曼旗舰店,533,0.2087,195,108,85,140,109,89,101,93
94,2017夏季新款牛仔短裤女夏韩版高腰宽松破洞百搭裤子显瘦修身热裤价格：88,爱梦缘旗舰店,533,0.6443,191,268,259,355,326,226,144,94
95,韩版高腰不规则破洞牛仔短裤女夏宽松毛边烟灰色学生百搭阔腿热裤价格：113,奶茶女装衣舍,518,0.1335,161,69,75,88,85,78,94,95
96,韩版chic学院风宽松显瘦浅色牛仔背带裤女学生休闲阔腿短裤连体裤价格：26.8,七格格女衣坊,518,0.2999,180,114,111,145,134,106,108,96
97,白色牛仔短裤女夏2017新款高腰破洞修身显瘦韩版毛边百搭阔腿裤价格：158,彩依恋旗舰店,517,0.1862,130,103,101,152,98,112,103,97
98,牛仔裤短裤女2017夏季新款韩版刺绣字母印花百搭显瘦学生卷边热裤价格：186,韩暖儿旗舰店,516,0.5996,292,,,,,,68,98
99,2017新款七分牛仔裤女小脚修身弹力高腰薄款中裤翻边百搭马裤女夏价格：299,柔伊美旗舰店,515,0.1921,195,78,66,156,116,119,104,99
100,夏季高腰牛仔短裤女 宽松卷边阔腿裤大码破洞显瘦a字热裤韩版学生价格：98,杜凡尔顿旗舰店,502,0.0983,166,71,68,114,87,84,98,100
101,新款高腰破洞牛仔短裤女夏季宽松显瘦薄款学生阔腿大码松紧腰热裤价格：128,鑫蓉牛仔,500,0.1251,212,87,78,123,118,76,100,101
102,夏季韩版女装高腰显瘦毛边牛仔短裤宽松百搭牛仔裤阔腿裤学生热裤价格：31,梦露日记时尚女装,497,0.2631,184,281,347,121,112,148,110,102
103,夏季牛仔短裤女高腰韩版学生破洞修身阔腿宽松卷边白色百搭热裤价格：299,素柏旗舰店,496,-0.0515,156,20,20,53,58,58,85,103
104,柔柔家柔柔 直播粉丝专享价19.99元 毛边刺绣牛仔短裤 7.2号开抢价格：39.98,柔柔家,495,0,248,,,,,,,104
105,新款高腰黑色显瘦卷边牛仔裤女韩版春夏季百搭女士九分铅笔小脚裤价格：198,绒懿旗舰店,494,0.0078,181,51,46,76,67,82,92,105
106,牛仔短裤女夏2017新款宽松韩版显瘦大码胖mm学生高腰破洞五分裤潮价格：269,曼茵服饰有限公司,481,0.2183,171,105,117,158,117,120,111,106
107,2017春夏新款韩版高腰不规则毛边白色牛仔短裤女学生个性热裤子女价格：110,圣妮儿旗舰店,479,0.3086,137,79,124,166,132,149,124,107
108,2017新款松紧腰牛仔短裤女夏韩版高腰薄款毛边热裤修身显瘦翻边裤价格：258,艾酷佳人女装品牌店,476,-0.0255,232,65,84,105,88,79,91,108
109,2017夏季白色牛仔短裤女高腰宽松刺绣破洞学生显瘦阔腿裤毛边热裤价格：99,KOKO LADY时尚女装,449,0.1718,98,172,205,83,124,124,114,109
110,2017新款韩版高腰毛边破洞牛仔短裤女夏季宽松显瘦浅色阔腿热裤潮价格：108,vekees服饰旗舰店,443,-0.5453,119,166,185,236,170,21,26,110
111,牛仔短裤女2017春夏季新款学生高腰白色百搭超短热裤韩版宽松显瘦价格：88,旗维斯旗舰店,440,0.1896,141,97,73,120,147,115,121,111
112,2017黑色新款破洞牛仔裤女春季韩版九分裤学生铅笔裤女高腰小脚裤价格：128,十翼旗舰店,438,0.2133,170,106,98,185,146,154,125,112
113,韩版新款女装牛仔裤女显瘦高腰休闲牛仔短裤女夏季百搭破洞热裤潮价格：18.39,壹号人家女装批发,430,0.0015,195,88,88,136,121,101,105,113
114,2017夏季新款高腰a字显瘦chic牛仔短裤宽松韩版破洞阔腿热女学生价格：29.8,三角衣柜,427,0.2308,143,383,251,116,110,163,131,114
115,高腰阔腿白色牛仔短裤女夏学生百搭宽松显瘦a字大码翻边韩版热裤价格：108,布衣天成旗舰店,423,0.1138,155,101,95,176,119,151,115,115
116,2017夏季破洞牛仔短裤女 韩版磨破大码毛边卷边薄款显瘦热裤子价格：128,美丽印象私人订制,423,0.1822,192,131,120,157,114,126,127,116
117,韩版新款夏装个性破洞牛仔裤女宽松显瘦毛边短裤阔腿热裤休闲裤子价格：89.99,小V家实拍女装,422,0.9183,158,277,299,354,81,102,294,117
118,破洞九分牛仔裤女春夏季2017新款潮韩版百搭学生显瘦高腰黑色裤子价格：1,980,爱衣频道旗舰店,415,0.0695,195,90,90,162,152,110,117,118
119,弹力紧身破洞七分牛仔裤女夏铅笔七分裤薄款修身小脚中裤百搭夏季价格：249,澜克利莎工厂店,412,0.1158,210,89,81,172,125,103,119,119
120,春夏女装2017韩版个性百搭不规则破洞毛边牛仔短裤高腰显瘦阔腿裤价格：29.98,可可里小姐,404,0.109,173,112,103,108,97,117,123,120
121,夏装2017新款韩版百搭显瘦毛边流苏高腰牛仔阔腿短裤学生热裤女潮价格：129.9,优购女装独家定制,397,0.1059,132,127,144,142,99,123,128,121
122,牛仔短裤女夏白色高腰卷边宽松显瘦2017新款a字韩版学生阔腿热裤价格：199,WDXJ 独家定制,393,0.0414,211,44,40,49,38,99,116,122
123,2017春夏季新款韩版浅色破洞牛仔裤女高腰宽松显瘦九分裤哈伦裤子价格：168,巩迪旗舰店,389,0.2264,167,137,113,223,157,134,148,123
124,2017夏季学生白色破洞牛仔短裤女毛边韩版宽松显瘦阔腿热裤潮气质价格：118,蘑菇头小米旗舰店,388,0.1413,196,92,107,205,179,141,137,124
125,CHICVEN自制夏季新款 复古高腰显瘦阔腿翻边卷边牛仔短裤热裤 女价格：75,CHIC VEN,383,-0.1182,132,68,110,27,40,105,102,125
126,高腰破洞牛仔短裤女夏宽松学生牛仔裤ulzzang超短裤chic短裤女夏价格：35,RPIN瑞品韩版日系女装,383,0.1145,149,143,263,64,52,155,133,126
127,2017夏百搭大码破洞牛仔背带短裤女 学生宽松韩版吊带高腰连体裤价格：96,蔚之新蓝,381,0.1059,157,95,156,81,71,130,132,127
128,买一送一高腰牛仔短裤女2017新款春季韩版显瘦百搭学生超短裤女夏价格：79,皇朝御纺旗舰店,381,0.0214,164,129,147,237,222,145,120,128
129,牛仔短裤女夏季2017新款韩版宽松高腰超短牛仔裤显瘦阔腿毛边热裤价格：79,FJW Awen定制女装,380,0.3058,129,133,196,109,136,150,163,129
130,小番茄定制裙裤女夏季时尚2017新款显瘦牛仔短裤韩版宽松小热裤价格：109,小番茄 定制,378,0.3389,102,140,193,107,135,152,179,130
131,2017春夏季新款破洞牛仔裤女九分裤韩版宽松显瘦乞丐小脚裤哈伦裤价格：189,风恬旗舰店,371,-0.0293,129,82,104,137,122,94,118,131
132,牛仔春夏季2017新款学生显瘦韩版高腰宽松阔腿女士胖mm白色超短裤价格：55,雅羊人旗舰店,370,0.2347,200,146,126,200,161,121,157,132
133,宽松破洞牛仔裤女九分裤春夏季新款高腰显瘦哈伦裤薄款百搭乞丐裤价格：168,诺奇欣旗舰店,368,0.0337,143,77,89,175,149,132,129,133
134,夏季韩版女装学生短裤百搭高腰显瘦阔腿裤破洞毛边牛仔短裤短裙潮价格：24.9,QGZ七公主女装,365,0.3752,157,,,319,263,244,175,134
135,牛仔短裤女夏季2017新款韩版薄百搭学生显瘦阔腿宽松短裤女热裤潮价格：88,尚琛旗舰店,364,0.1699,168,150,232,263,234,227,151,135
136,春夏季薄款bf风韩版白色破洞牛仔裤女高腰宽松显瘦九分裤哈伦裤子价格：128,巩迪旗舰店,364,0.2126,170,293,264,297,185,198,158,136
137,夏装女装韩版高腰显瘦百搭牛仔裤短裤2017新款时尚宽松毛边阔腿裤价格：29.98,可可里小姐,360,0.4364,195,185,213,178,165,153,201,137
138,牛仔超短裤女夏2017新款高腰流行韩版百搭宽松学生时尚白色热裤子价格：298,angellee旗舰店,357,-0.1036,339,,,,,,53,138
139,尚驭牛仔短裤夏季女士2017新款韩版个性百搭修身卷边破洞中腰热裤价格：258,尚驭服饰旗舰店,357,0.078,132,169,184,287,174,133,141,139
140,五分裤女夏薄款大码胖mm宽松韩版阔腿热裤松紧腰休闲天丝牛仔短裤价格：119,三桔旗舰店,355,-0.0165,143,234,172,239,155,125,126,140
141,2017春夏季新款高腰破洞牛仔裤女韩版宽松显瘦百搭裤子哈伦九分裤价格：208,前途旗舰店,354,0.1776,122,174,170,288,224,142,156,141
142,牛仔短裤女春夏季高腰修身显瘦卷边竹节棉高弹力韩版新款百搭热裤价格：88,揭阳泽宏贸易有限公司,354,15.9323,249,,,103,,365,,142
143,毛边流苏破洞高腰牛仔短裤夏女胖MM韩版热裤宽松加肥加大码200斤价格：105,英国格格,349,0.1385,169,497,333,429,315,187,153,143
144,夏季新款高腰牛仔短裤女士松紧腰宽松四分裤a裤排扣大码收腹胖mm价格：199,狐卡尼网上商城,348,0.1044,212,113,102,169,141,129,154,144
145,牛仔短裤女夏2017新款白色宽松韩版学生高腰修身百搭显瘦阔腿热裤价格：90,韩曼惠旗舰店,346,0.4819,189,,409,457,287,197,167,145
146,牛仔背带短裤女夏装2017新款韩版宽松高腰显瘦学生百搭阔腿连体裤价格：89,FANG WOMEN 阿文定制女装,343,0.0171,57,218,286,147,137,157,139,146
147,牛仔短裤女夏2017新款韩版高腰学生宽松破洞卷边阔腿裤显瘦热裤潮价格：298,奥兰可儿旗舰店,342,1.0479,160,,,,429,253,369,147
148,高腰牛仔短裤女夏季弹力白色A字破洞卷边韩版宽松大码阔腿热裤潮价格：79,艾莲奴旗舰店,341,0.0935,159,226,159,196,182,139,150,148
149,2017新款高腰短裤牛仔女夏破洞韩版学生宽松阔腿热裤显瘦白色百搭价格：48,丝洋旗舰店,341,-0.2153,245,53,51,78,78,66,99,149
150,高腰牛仔短裤女夏2017新款宽松韩版百搭热裤刺绣破洞学生裤子白色价格：118,枫锐旗舰店,333,0.6003,154,312,291,377,368,354,273,150
151,夏季学生白色破洞牛仔短裤女毛边宽松韩版潮显瘦阔腿裤大码热裤价格：169,fashion可可,332,0.1523,255,,,,,,165,151
152,破洞牛仔裤女九分裤韩版春夏季2017新款宽松紧腰阔腿乞丐哈伦裤子价格：188,卡优希薇旗舰店,331,0.1256,152,122,137,225,189,171,160,152
153,短裤女夏2017新款韩版春季高腰修身显瘦学生百搭毛边破洞白色牛仔价格：99,梦希曼旗舰店,331,-0.0206,175,117,141,193,154,146,138,153
154,黑色高腰chic短裤女夏2017新款复古显瘦阔腿卷边白色牛仔短裤热裤价格：188,SL潮流女装馆,330,-0.1509,191,34,83,37,51,113,112,154
155,牛仔裤女春夏季2017新款裤子韩版百搭高腰热裤毛边黑色牛仔短裤夏价格：118,安诺黎,330,-0.0388,120,94,116,117,113,111,135,155
156,左唐高腰牛仔短裤女夏季学生宽松胖mm 大码显瘦毛边a字阔腿热裤子价格：169,左唐直销店,325,0.4447,101,186,245,213,316,213,233,156
157,牛仔短裤女夏2017新款韩版宽松学生大码胖mm高腰显瘦bf风阔腿裤女价格：299,慕汀服饰旗舰店,325,0.2319,145,200,250,258,226,271,183,157
158,2017新款高腰破洞白色牛仔短裤女夏韩版宽松显瘦毛边学生阔腿热裤价格：198,FunFunGirl 韩国女装,324,-0.1054,189,93,82,163,139,128,130,158
159,春夏女装韩版宽松百搭学院风牛仔裤背带裤工装裤短裤潮阔腿裤显瘦价格：39.98,可可里小姐,324,-0.0285,96,193,241,165,162,207,143,159
160,毛边流苏侧边条裤破洞高腰短裤夏女2017新款夏季韩版牛仔裤子热裤价格：105,yula羽拉 实拍女装,323,0.0584,113,126,148,151,120,156,155,160
161,2017新款韩版夏季开叉毛边高腰牛仔短裤女宽松假两件裙裤薄款热裤价格：93.75,小鹿要飞 杨雅熙定制,322,0.0436,95,144,169,131,140,167,152,161
162,韩版复古chic风新款长裤侧边拉链高腰阔腿裤夏季宽松休闲裤牛仔裤价格：44,小宅女大购物 xiaozhainv 小宅女家 xiao zhai nv,322,-0.2504,145,109,175,101,86,118,106,162
163,牛仔短裤女夏2017新款韩版高腰学生白色卷边阔腿宽松显瘦超短热裤价格：139,赫扬旗舰店,322,0.17,207,302,315,362,370,222,170,163
164,薄款牛仔裤女春夏季2017新款高腰显瘦八分阔腿裤毛边九分微喇叭裤价格：138,蒙奴莎旗舰店,316,-0.0108,92,125,133,181,150,127,146,164
165,高腰牛仔短裤女夏2017新款韩版宽松阔腿a字显瘦学生毛边热裤子潮价格：168,蓓茹旗舰店,315,0.2653,140,168,161,220,202,188,203,165
166,韩图莎牛仔背带短裤女夏宽松2017新款韩版翻边时尚学生连体背带裤价格：79,韩图莎旗舰店,315,-0.646,197,,239,216,,,36,166
167,高腰牛仔短裤女夏破洞宽松韩版显瘦学生卷边阔腿牛仔裤热裤超短裤价格：138,米阁娜服饰旗舰店,311,-0.042,129,148,125,211,168,140,142,167
168,高腰牛仔短裤女夏季学生白色破洞毛边韩版宽松超短裤大码阔腿热裤价格：139,凸傲旗舰店,311,-0.2345,179,136,168,246,233,210,107,168
169,高腰白色牛仔短裤女夏宽松阔腿热裤学生显瘦a字休闲大码毛边薄款价格：159,artmaker旗舰店,311,0.4201,173,204,174,298,322,230,247,169
170,破洞牛仔短裤女高腰宽松2017夏新款韩版显瘦流苏毛边学生阔腿热裤价格：120,可奈丽莎旗舰店,311,0.1537,114,142,143,234,216,176,172,170
171,牛仔短裤女2017夏季新款宽松阔腿a字裤韩版学生卷边破洞热裤潮女价格：199,力柏思旗舰店,311,-0.8798,205,,,,,,3,171
172,2017夏新款韩版松紧腰破洞牛仔裤女九分裤宽松薄款学生乞丐裤七分价格：108,韩范设计室,309,0.2118,132,327,294,350,245,183,192,172
173,2017夏季薄款高腰牛仔裤女学生百搭长裤新款修身弹力小脚牛仔裤女价格：94,U闺蜜小栈,308,-0.0027,204,145,191,299,230,166,149,173
174,2017新款高腰牛仔短裤女夏韩版宽松学生薄款白色短裤女热裤毛边潮价格：88,doirliy朵黎服饰旗舰店,308,-0.0806,147,100,108,230,211,144,140,174
175,夏季新款毛边破洞牛仔短裤女韩版高腰大码显瘦阔腿裤学生热裤子潮价格：129,铅笔奇奇旗舰店,305,-0.1441,157,120,121,290,167,178,122,175
176,韩版春夏学生宽松显瘦高腰九分裤bf风破洞哈伦牛仔裤女长裤萝卜裤价格：116,贝迪谷旗舰店,304,0.2353,118,197,227,313,293,195,209,176
177,牛仔短裤女夏韩版宽松破洞学生百搭高腰显瘦女士热裤2017夏季新款价格：88,韩伊火玫瑰旗舰店,301,0.2707,167,162,201,256,279,158,217,177
178,刺绣破洞牛仔背带裤女夏2017新款韩版学生显瘦宽松九分阔腿连体裤价格：118,欧洲站达人店,301,0.1533,103,175,157,233,270,160,187,178
179,毛边高腰短裤牛仔夏女韩版学生宽松阔腿热裤显瘦a字短裤白色裤子价格：140,雅姿时尚衣舍,301,0.1543,216,187,152,219,240,161,188,179
180,春夏季松紧腰破洞牛仔短裤女宽松阔腿大码mm弹力胖五分热裤价格：88,小马奔腾品质牛仔,301,0.4163,206,163,138,242,232,221,266,180
181,韩国时尚侧面条纹毛边牛仔短裤夏季高腰破洞宽松阔腿裤牛仔热裤潮价格：14.9,苏菲家潮人馆,298,0.3968,257,,,,491,357,263,181
182,韩版2017新款磨破洞不规则修身显瘦热裤高腰毛边流苏牛仔短裤女夏价格：169,衣艺社日韩女装,297,-0.0666,158,134,136,129,106,147,145,182
183,卷边高腰牛仔背带短裤女夏季破洞学生减龄连体吊带裤大码显瘦热裤价格：110,凯兴女装,295,-0.01,147,179,202,203,206,189,159,183
184,WR烟灰色毛边破洞牛仔短裤女夏高腰学生a字宽松阔腿热裤大码新款价格：199,wr旗舰店,294,0.1826,122,188,220,261,171,267,208,184
185,破洞牛仔七分裤女夏2017新款哈伦裤薄款显瘦高腰韩版宽松胖mm马裤价格：158,萌妹子牛仔,294,0.1668,140,158,197,252,195,169,199,185
186,高腰阔腿短裤女夏2017新款女装百搭宽松韩版学生a字牛仔短裤热裤价格：109,卡仑奴旗舰店,293,0.2598,104,276,318,,343,322,231,186
187,七分牛仔裤女韩版夏季薄款中裤宽松哈伦松紧高腰马裤7分裤子潮女价格：199,力柏思旗舰店,291,2.9868,102,,,,,,,187
188,背带短裤2017夏季韩版牛仔背带裤女百搭裤子显瘦吊带裤学生连体裤价格：89,猎丽影女精品女装,288,0.4072,128,210,258,315,377,261,274,188
189,牛仔裤女夏2017新款高腰阔腿裤韩版网格热裤学生毛边黑色牛仔短裤价格：98,美舒儿旗舰店,284,0.2981,162,199,235,312,197,234,244,189
190,牛仔短裤春季女2017新款韩版夏宽松学生高腰阔腿热裤子破洞bf百搭价格：23.9,苏菲家潮人馆,283,0.1316,164,181,178,301,231,192,197,190
191,韩版夏季新款白色热裤学生毛边裤子高腰a字破洞牛仔裤超短裤女夏价格：89,蜜芙妮女装旗舰店,282,0.153,159,227,224,399,280,217,207,191
192,白色牛仔短裤女2017夏天新款韩版学生百搭热裤高腰毛边破洞超短裤价格：298,遇知旗舰店,282,0.0891,171,55,127,272,227,204,191,192
193,2017春夏季新款松紧牛仔七分裤女大码胖mm韩版宽松哈伦7分马裤子价格：269,东方牛牛,282,0.3551,186,,,,,386,299,193
194,港味复古chic风气质显瘦高腰阔腿裤长裤夏宽松百搭休闲牛仔裤潮女价格：42,港妹潮人馆,281,0.1393,127,260,413,84,84,186,198,194
195,高腰破洞阔腿休闲条纹牛仔短裤女夏韩版黑色宽松显瘦短牛仔热裤潮价格：180,Nina韩国站,281,-0.1834,157,91,115,179,156,137,134,195
196,2017春夏季新款潮破洞牛仔短裤女裤韩版显瘦高腰宽松学生阔腿热裤价格：59,宜情旗舰店,280,0.1098,123,139,128,207,176,174,193,196
197,韩版高腰牛仔短裤女夏2017新款百搭显瘦弹力大码学生热裤子胖mm潮价格：128,薇伦旗舰店,280,0.1211,197,216,226,336,238,190,206,197
198,超短裤女夏2017新款潮韩版百搭高腰显瘦热裤夏季黑色休闲牛仔短裤价格：76,KCSTUDIO女装定制 KC家,280,0.2512,143,246,272,164,181,172,225,198
199,宽松破洞牛仔裤女九分哈伦女裤子小脚韩版女装春夏季2017新款女潮价格：168,pnvn旗舰店,279,0.0618,111,173,151,283,215,239,184,199
200,韩势 新款韩版浅色高腰阔腿牛仔裤女夏九分裤直筒裤宽松显瘦潮价格：189.9,韩势定制,279,0.0903,80,195,344,150,129,159,196,200
201,牛仔短裤女夏季2017新款韩版百搭弹力磨破洞显瘦学生毛边热裤子潮价格：168,怜雪服饰旗舰店,279,0.0754,191,118,132,260,180,168,185,201
202,2017新款牛仔短裤女夏季韩版高腰排扣弹力修身休闲显瘦卷边潮热裤价格：135,魅力霓裳店,278,0.0074,184,236,183,309,214,175,168,202
203,春夏季高腰牛仔短裤女宽松韩版显瘦学生大码胖mm卷边阔腿黑色热裤价格：139,若来若去旗舰店,278,0.0638,151,264,203,302,201,182,180,203
204,牛仔短裤女夏季高腰韩版宽松刺绣学生百搭显瘦阔腿热裤子2017新款价格：78,薇伦旗舰店,277,0.287,162,247,198,328,288,233,251,204
205,2017新款毛边高腰牛仔短裤女夏薄款韩版学生宽松阔腿裤显瘦a字裤价格：48,爱知肩旗舰店,276,0.2449,158,,,,,353,245,205
206,韩版春装女装时尚破洞毛边牛仔短裤高腰百搭阔腿裤学生牛仔裤显瘦价格：29.88,可可里小姐,275,0.033,194,128,171,155,142,180,182,206
207,天天特价新款韩版时尚开叉牛仔裤高腰宽松显瘦阔腿九分裤女学生潮价格：36.8,三角衣柜,274,0.7502,108,,,,469,,416,207
208,复古港味chic风超级显瘦显腿长侧拉链高腰毛边阔腿裤牛仔裤女裤价格：35,港味潮人馆,274,-0.076,138,99,106,182,166,177,161,208
209,浅诉牛仔短裤女夏2017新款个性百搭显瘦破洞铆钉毛边中腰牛仔热裤价格：159,浅诉旗舰店,274,0,149,,,,,,,209
210,夏季韩版女装侧面条纹毛边牛仔短裤高腰宽松阔腿裤显瘦学生热裤子价格：32,依人潮流女装优质低价,273,0.0166,190,152,179,266,324,256,171,210
211,夏季薄款新款九分牛仔裤女士高腰韩版潮宽松紧腰流苏毛边阔腿裤子价格：98,伊纯路旗舰店,273,0.0267,102,241,307,374,400,289,178,211
212,白色毛边牛仔短裤女夏2017新款韩版阔腿宽松显瘦高腰大码热裤学生价格：96,artinside旗舰店,271,0.7484,178,,,,418,225,410,212
213,森女背带短裤女夏新款韩版宽松学生显瘦吊带连体裤阔腿背带裤潮价格：58,草帽韩阁,269,0.2615,129,215,206,279,218,201,261,213
214,【GG】 韩版蓝色高腰牛仔短裤女夏学生大码热裤宽松显瘦阔腿裤子价格：999,GG house 郭郭定制,268,0.0947,91,229,362,91,96,185,204,214
215,天天特价大码七分裤女胖mm  薄款弹力显瘦小脚铅笔牛仔裤2017新款价格：108,乐酷牛品牌官方店,267,1.0779,153,,,,,,500,215
216,2017新款夏季毛边破洞白色牛仔短裤女韩版高腰显腿长宽松热裤潮价格：188,蓝薄荷旗舰店,267,0.2228,129,265,237,327,219,290,249,216
217,高腰牛仔短裤女夏破洞宽松韩版显瘦学生卷边阔腿裤刺绣热裤超短裤价格：75,teyi特一旗舰店,266,0.2069,188,273,215,349,305,272,238,217
218,牛仔短裤女夏高腰宽松显瘦阔腿牛仔裤2017新款潮韩版学生百搭热裤价格：79,茉语家,266,0.2434,146,177,310,135,160,232,257,218
219,夏季韩版松紧腰牛仔短裤女 宽松显瘦高腰大码胖mm卷边a字阔腿热裤价格：98,迕廊似旖⒌,265,0.2583,181,345,329,353,323,242,269,219
220,2017新款韩版宽松显瘦高腰牛仔短裤女夏学生卷边a字热裤阔腿裤子价格：99,SMA STUDIO 轻奢定制,265,2.112,160,,,,,,,220
221,裤脚内开叉渐变层次感  小宽松显瘦显高九分直筒休闲时尚牛仔裤女价格：79,螃蟹巷72号时尚女装,264,0.2057,78,,,276,207,309,240,221
222,包邮外贸原单 西班牙单时尚任你行 一条穿出大长腿高腰阔腿九分裤价格：59.99,隆隆外贸 2号店 隆隆家,264,0.1068,74,190,229,352,258,231,215,222
223,牛仔短裤女夏2017新款韩版修身显瘦破洞宽松高腰黑色春夏季牛仔裤价格：128,芮丽娅旗舰店,263,0.1801,125,155,25,20,260,265,241,223
224,夏季新款高腰直筒牛仔裤女浅色拼接毛边宽松阔腿显瘦哈伦九分裤潮价格：198,星点感悟旗舰店,261,0.1043,106,161,180,274,277,219,218,224
225,夏装女装韩版高腰显瘦破洞灰色牛仔裤宽松阔腿裤毛边缺口短裤学生价格：29.88,可可里小姐,260,0.322,175,,,341,329,300,292,225
226,2017新款春夏季韩版高腰九分牛仔裤女破洞学生黑色小脚裤子显瘦潮价格：138,婕恋旗舰店,260,0.2503,158,198,268,337,273,334,278,226
227,白色高腰牛仔短裤女2017夏季外穿胖mm宽松流苏毛边A字热裤韩版潮价格：111.5,淑女 衣阁,260,0.5075,287,,,,,396,350,227
228,韩版宽松水洗毛边高腰阔腿牛仔裤女夏2017新款学生显瘦九分裤子潮价格：128,SMA STUDIO 轻奢定制,259,0.2756,87,,154,180,208,258,282,228
229,2017春夏季新款韩版破洞七分牛仔裤女松紧腰宽松八分学生哈伦裤子价格：188,尤依优汇旗舰店,259,0.1614,143,208,166,371,223,316,236,229
230,破洞牛仔裤五分裤女大码乞丐裤高腰宽松哈伦热裤休闲中裤直筒短裤价格：298,蓝斯登时尚牛仔,258,0.1107,148,224,351,212,250,342,221,230
231,天天特价夏季韩版女装大码胖mm宽松高腰破洞牛仔裤bf九分裤显瘦价格：19,姐姐小铺四弟弟,257,3.7439,165,,,,,,,231
232,牛仔短裤夏季女2017新款韩版高腰学生宽松破洞毛边阔腿裤显瘦热裤价格：139,凸傲旗舰店,255,-0.0186,157,184,155,293,278,235,186,232
233,牛仔短裤女夏韩版宽松破洞学生百搭裤子高腰显瘦热裤2017夏季新款价格：88,爱梦缘旗舰店,254,0.2526,193,228,228,316,311,264,285,233
234,17新款高腰牛仔短裤女夏宽松显瘦阔腿裤大码学生毛边排扣a字热裤价格：159,优百莉旗舰店,253,0.0432,181,156,214,342,268,224,212,234
235,松紧腰牛仔裤短裤女夏宽松显瘦高腰弹力五分休闲裤大码胖mm韩版潮价格：99,紫霞仙子与牛仔,252,-0.0472,211,458,382,386,332,241,177,235
236,cheeseY 牛仔短裤女夏2017新款韩版学生热裤毛边bf宽松高腰超短裤价格：178,cheeseY studio 芝柚定制,252,0.2052,72,,,405,330,337,271,236
237,夏季高腰牛仔短裤女 宽松卷边牛仔短裤mm大码显瘦a字阔腿热裤学生价格：99,seven77 小柒牛仔,251,0.0265,200,138,146,245,220,200,210,237
238,薄款牛仔裤女高腰七分裤弹力小脚裤大码松紧腰铅笔裤休闲哈伦中裤价格：198,欧晓女裤官方店,251,0.0869,158,141,163,339,271,209,224,238
239,毛边高腰牛仔短裤女夏韩版学生宽松排扣阔腿热裤显瘦2017新款白色价格：369.9,桐可旗舰店,250,0.9738,144,,,,,,,239
240,2017新款夏季牛仔短裤女假两件防走光大码修身牛仔裤裙显瘦热裤潮价格：198,任衣任恋服饰,249,0.3305,161,325,302,422,312,269,323,240
241,2017新款春夏装背带裤短裤宽松森女裤子可爱小清新休闲运动连体裤价格：105,戚米旗舰店,248,-0.0779,73,164,150,221,193,216,176,241
242,蜜妃儿夏季2017新款女装韩版花朵刺绣牛仔短裤女高腰学生热裤显瘦价格：112,蜜妃儿旗舰店,248,-0.0719,122,,474,,,,173,242
243,蓝色毛边热裤女 夏2017新款韩版百搭五分裤高腰破洞牛仔短裤女潮价格：99,Yukiss Studio欧美私服定制 小思小小思,248,0.308,96,288,303,202,261,315,305,243
244,显腿长显瘦aa超短裤款夏装学生撕边流苏高腰磨边性感牛仔裤热裤女价格：18.46,壹号人家女装批发,248,0.0013,194,203,194,303,269,215,200,244
245,收腹牛仔短裤女夏高腰卷边显瘦排扣弹力新款牛仔裤浅色夏天性感潮价格：88,澜克利莎旗舰店,247,-0.0604,217,178,160,289,187,194,181,245
246,2017夏季磨破洞高腰显瘦白色牛仔短裤女韩版宽松阔腿毛边热裤潮价格：62,韩国魅力牛仔店,247,0.1106,132,202,257,417,251,220,234,246
247,2017新款牛仔短裤女夏白色韩版宽松卷边学生高腰显瘦百搭a字热裤价格：158,法蜜琦旗舰店,246,0.2542,136,217,190,275,243,203,291,247
248,香慕姿高腰牛仔短裤女夏装新款韩版宽松大码破洞卷边阔腿学生热裤价格：198,香慕姿旗舰店,245,0.0515,588,,,,,335,220,248
249,夏装女装韩版开叉破洞显瘦毛边牛仔裤高腰百搭直筒裤短裤学生热裤价格：29.98,可可里小姐,244,-0.0082,177,159,188,126,131,229,205,249
250,韩版牛仔短裤女夏季白色毛边学生高腰宽松大码胖mm阔腿a字热裤潮价格：108,N7仓储,244,0.2905,153,259,208,273,177,330,311,250
251,2017韩版夏季阔腿毛边破洞宽松大码牛仔短裤女松紧腰黑白色热裤价格：78,WDXJ 独家定制,242,0.1249,195,274,282,408,241,257,256,251
252,韩版破洞显瘦时尚宽松牛仔背带短裤女夏季学生百搭连体吊带热裤潮价格：99.8,欣宜女装行,241,0.057,183,157,173,259,203,181,230,252
253,松紧腰大码破洞牛仔裤女九分夏薄款学生宽松显瘦乞丐休闲哈伦裤潮价格：89,夏韩衣舍,241,-0.0581,184,176,164,264,213,143,189,253
254,2017夏季新款高腰牛仔背带短裤女韩版宽松休闲学生连体裤两件套潮价格：276,韩渔靓裳旗舰店,241,0.4409,136,,,,,467,361,254
255,毛边高腰破洞牛仔短裤女夏季韩版学生宽松阔腿显瘦a字型白色热裤价格：169,简希玛旗舰店,239,0.2265,142,295,386,437,412,420,296,255
256,女士牛仔七分裤女夏季2017新款韩版显瘦紧身7八分裤大码薄款短裤价格：108,东哞旗舰店,238,-0.8518,146,,,,,,7,256
257,高腰短裤女夏 紧身a字牛仔短裤2017春新款大码弹力显瘦阔腿裤热裤价格：58,louismodern旗舰店,237,0.3582,195,346,276,366,353,218,302,257
258,2017夏季新款白色破洞牛仔女修身显瘦弹力紧身休闲大码外穿短裤子价格：89,妙曼伊菲儿,235,0.4765,152,396,389,,432,385,390,258
259,夏季新款韩版松紧腰胖mm200斤加大码加肥阔腿裤宽松牛仔裤女短裤价格：160,yy潮流八爪娘娘西西小可6度梦梦家,235,0.4937,205,,435,395,453,447,409,259
260,2017新款韩版白色破洞牛仔短裤女夏两粒扣弹力修身显瘦百搭热裤潮价格：99,静怡家 每周一 五上新,233,0.1166,168,257,253,305,242,255,275,260
261,牛仔短裤女夏季2017新款韩版高腰宽松显瘦学生百搭bf风毛边超短裤价格：88,姿梵娜旗舰店,233,0.2582,113,284,281,474,477,387,326,261
262,2017夏季新款高腰短裤休闲松紧腰显瘦弹力牛仔裤女士宽松大码热裤价格：69,东方语,232,0.0154,164,253,295,284,302,260,226,262
263,天天特价夏季破洞牛仔裤女宽松九分裤韩版潮bf七分小脚垮裤哈伦裤价格：259,尚品牛仔坊,232,0.077,74,115,134,113,303,344,250,263
264,牛仔短裤女夏2017新款白色百搭牛仔裤韩版修身显瘦学生大码热裤潮价格：69,巴里曼旗舰店,232,-0.1231,208,,,,,,174,264
265,高腰破洞牛仔短裤女夏潮毛边阔腿胖mm200斤宽松加肥加大码a字热裤价格：29.9,Since2015  沫沫家,232,0.0479,214,221,177,383,328,293,254,265
266,2017夏装新款韩版毛边浅色牛仔裤女宽松直筒九分裤chic阔腿裤子价格：98.75,STYLEYINZ小银子定制女装,231,0.6741,93,165,288,94,138,410,475,266
267,2017新款韩版牛仔背带短裤女夏宽松显瘦高腰卷边吊带连体裤学生潮价格：98,飘越牛仔,231,-0.1012,138,287,243,464,374,279,190,267
268,破洞牛仔超短裤女春夏季2017新款韩版百搭宽松学生高腰白色热裤子价格：298,淘牛世家旗舰店,231,0.3026,151,252,254,419,327,284,341,268
269,vinnie弹力夏季韩版高腰复古牛仔短裤女夏潮紧身显瘦毛边开叉热裤价格：98,美中布族,230,0.2687,130,263,411,174,186,245,330,269
270,港味复古chic风高腰显瘦毛边破洞牛仔短裤女百搭宽松阔腿热裤子潮价格：31,港妹潮人馆,227,0.2076,187,290,378,183,164,324,312,270
271,MG小象高腰牛仔短裤女夏2017新款韩版毛边韩版热裤破洞阔腿裤子潮价格：138,MG小象欧美街拍时尚女装,227,0.0695,115,,,3,100,313,260,271
272,2017夏装新款韩版高腰流苏须须白色牛仔裤女装直筒裤子短裤热裤潮价格：18.5,yy潮流精品女装新店,227,2.1682,200,,,146,158,,,272
273,2017春夏新款韩版毛边百搭高腰阔腿白色牛仔短裤女学生夏季热裤女价格：98,意米其服饰旗舰店,227,0.1831,144,262,248,385,365,236,295,273
274,唐狮2017新款宽松牛仔短裤女夏季高腰阔腿牛仔短裤女显瘦韩版学生价格：239,唐狮官方旗舰店,225,-0.2314,91,239,145,250,217,170,162,274
275,夏季女装韩范chic港味宽松显瘦高腰个性侧边系带毛边牛仔短裤学生价格：31.8,麻辣小黑粉,224,1.0701,131,477,,,,,,275
276,夏季aa字高腰牛仔短裤女韩版翻边宽松阔腿裤显瘦卷边学生热裤薄款价格：168,吾爱牛仔,224,0.0169,133,243,204,318,221,254,237,276
277,夏季学生韩版胖mm五分裤牛仔短裤高腰新款阔腿大码宽松显瘦女2017价格：289,茜思语旗舰店,224,0.2025,136,472,,,,,329,277
278,牛仔短裤夏女韩版大码胖mm宽松百搭学生高腰破洞热裤春季2017新款价格：69,【北京商盟】义成衣舍 大码牛仔,224,0.1768,152,359,352,184,212,311,308,278
279,MLS 2017夏季新款韩国高腰宽松显瘦休闲长裤子潮牛仔裤阔腿裤女潮价格：199,Mlife Studio MLS高端定制,223,0.0523,68,304,484,160,172,287,264,279
280,牛仔五分裤女夏宽松显瘦学生韩国高腰短裤女胖MM大码破洞直筒休闲价格：139,风格馆专柜,223,-0.0153,229,123,119,249,175,205,229,280
281,高腰白色牛仔短裤女夏学生宽松阔脚百搭A字显瘦卷边短裤女热裤潮价格：118,尚琛旗舰店,222,0.0821,177,303,292,435,335,291,280,281
282,晶爷2017春夏季新款韩版高腰黑色破洞牛仔短裤女宽松显瘦毛边热裤价格：86.25,晶爷studio,221,0.0264,124,189,271,231,196,273,259,282
283,紧身九分牛仔裤女高腰韩版显瘦百搭薄款小脚牛仔长裤子女9分弹力价格：128,迈可思旗舰店,220,0.1803,170,211,249,333,239,276,317,283
284,韩版学生牛仔短裤女高腰卷边春夏季直筒裤弹力大码修身显瘦热裤潮价格：75,尚尚可妮旗舰店,220,0.0174,299,,,,,,253,284
285,韩版胖MM高腰松紧破洞牛仔短裤女夏宽松大码学生阔腿休闲百搭热裤价格：198,伊牛官方企业店,219,-0.1166,196,151,167,277,188,165,202,285
286,毛边牛仔短裤女明星同款黑色高腰阔腿热裤白色宽松显瘦杨幂a字夏价格：329,vivi高端订制,219,0.3434,129,261,448,199,281,303,379,286
287,2017夏季新款韩版破洞七分裤女牛仔裤学生薄款7分裤开叉微喇叭裤价格：119,奢式旗舰店,218,0.2609,121,369,330,,394,351,349,287
288,黑色膝盖破洞牛仔裤女九分裤夏薄款韩版高腰显瘦不规则紧身小脚裤价格：128,GAG红人馆,218,-0.0549,126,183,211,244,198,240,223,288
289,素木毛边白色牛仔短裤女夏2017新款 宽松显瘦大码阔腿热裤女1811价格：99,素木 原创实用主义女装,217,4.0504,105,,,,,,,289
290,牛仔裤女春夏季2017新款韩版显瘦高腰百搭学生bf小脚破洞九分裤子价格：138,蕾媛旗舰店,217,-0.0606,150,102,131,286,249,238,222,290
291,2017新款牛仔短裤女夏卷边松紧腰宽松大码胖mm休闲阔腿短裤热裤女价格：188,曼莎 MANSA女装服饰店,217,-0.2538,233,,298,214,283,97,164,291
292,百搭宽松破洞牛仔裤女夏ulzzang哈伦九分阔腿BF风韩版学生裤子潮价格：109,gjoy旗舰店,216,0.125,131,348,354,,381,338,306,292
293,白色牛仔短裤女夏2017新款高腰韩版学生毛边宽松显瘦a字阔腿热裤价格：99,Athena红人馆,216,-0.2324,214,160,199,208,127,75,136,293
294,牛仔短裤女夏装新款韩版高腰宽松显瘦侧开叉毛边阔腿裤学生热裤潮价格：32.9,哚拉小牛,216,-0.1081,155,317,246,370,309,310,213,294
295,毛边牛仔短裤女2017春夏季新款高腰白色百搭宽松超短热裤韩版学生价格：88,牛言非羽旗舰店,215,0.4726,150,355,306,453,,478,445,295
296,2017新款韩版黑色乞丐裤女百搭显瘦高腰九分裤修身破洞牛仔裤价格：90,女人衣橱专柜,215,0.0014,195,,384,,,445,267,296
297,卿若高腰白色牛仔短裤女春夏韩版2017新款毛边宽松弹力显瘦热裤潮价格：99,卿若服饰旗舰店,214,-0.0313,126,238,207,294,248,206,243,297
298,2017新款韩版高腰显瘦宽松破洞毛边白色牛仔短裤女夏季百搭学生价格：69.9,维娓,213,-0.0883,249,206,218,397,294,179,228,298
299,牛仔短裤女夏学生白色破洞毛边2017新款韩版宽松大码高腰超短热裤价格：119,纹语旗舰店,212,-0.0444,178,67,94,204,275,211,235,299
300,春夏季高腰微喇叭裤女九分裤毛边牛仔裤女薄款显瘦黑色流苏阔腿裤价格：109,娅典欧旗舰店,211,0.6814,146,397,321,,,415,,300
301,韩国复古高腰牛仔 修身高弹力跳舞蹈显瘦热裤春夏A字侧拉链短裤女价格：168,Mtime Studio,211,0.0632,124,291,314,445,391,292,290,301
302,雅思牛仔短裤女夏季韩版修身黑色毛边破洞阔腿学生宽松高腰热裤女价格：138,YaSi STUDIO 雅思大小姐,211,0.2102,147,365,425,466,,437,346,302
303,背带裤女夏季牛仔短裤学生韩版破洞学院风吊带裤宽松显瘦连体裤女价格：116,月米旗舰店,211,-0.0489,157,370,416,,414,397,232,303
304,宽松破洞牛仔短裤女显瘦直筒短裤2017夏季韩版潮乞丐休闲哈伦短裤价格：98,MT梦小姐,209,-0.0324,163,402,,262,259,283,252,304
305,破洞牛仔裤女九分春夏季2017新款直筒宽松学生大码胖mm韩版bf七分价格：168,金尚秋旗舰店,208,0.0183,160,254,313,452,298,223,276,305
306,2017新款磨破牛仔短裤女夏季不规则高腰五分裤直筒裤热裤学生中裤价格：25.8,月牙城,208,0.0884,152,223,221,138,169,336,310,306
307,白色破洞牛仔裤女宽松九分裤高腰韩版学生bf哈伦裤2017新款春夏季价格：128,爱尚COOL牛仔,207,0.0728,144,235,267,421,252,228,301,307
308,高腰牛仔短裤女夏A字宽松显瘦阔腿卷边热裤破洞大码2017新款胖MM价格：298,浪迪图旗舰店,205,0.1319,104,336,305,,443,422,321,308
309,高腰牛仔短裤女夏百搭宽松阔腿破洞毛边韩版显瘦学生牛仔裤热裤潮价格：98,972Studio,205,-0.0247,246,219,200,335,262,184,268,309
310,七分牛仔裤女夏季薄款弹力显瘦小脚大码破洞马裤五分中裤学生短裤价格：99,娜馨旗舰店,205,0.0993,153,220,231,338,383,393,318,310
311,天丝七分牛仔裤女超薄2017夏季新款大码松紧腰宽松直筒高腰中裤子价格：128,星 月 坊,205,0.1353,183,453,395,,362,328,337,311
312,阔腿热裤学生高腰明星同款关关雎尔欢乐颂2美少女刺绣牛仔短裤女价格：388,YIMIY家自制,204,0.409,153,,,449,428,416,461,312
313,松紧带牛仔短裤女夏2017新款韩版百搭学生潮胖mm大码宽松超热裤子价格：99,公主旗航店,204,0.2658,189,438,381,,415,288,385,313
314,夏季新款白色高腰牛仔短裤女夏大码百搭休闲宽松显瘦薄阔腿卷边潮价格：88,南都衣舍,203,0.078,108,322,270,465,321,275,309,314
315,夏韩版牛仔哈伦七分裤女薄款休闲显瘦宽松200斤胖mm大码弹力中裤价格：159,依女芯大码女装,203,-0.0285,155,196,219,448,317,248,272,315
316,班申牛仔短裤女夏高腰阔腿裙裤2017新款韩版宽松显瘦a字裙阔腿裤价格：65.9,依雪琪,202,0.1209,205,,475,,,277,332,316
317,VINTAGE PUDR 3767正品17夏新款显瘦磨破毛边牛仔白色短裤女热裤价格：69,girl爱时尚,202,0.2614,174,403,429,,413,347,393,317
318,城中鸟2017春夏新款大码高腰牛仔短裤女松紧腰热裤休闲阔腿裤3028价格：156,港恋牛仔馆,202,-0.0547,126,307,324,394,297,266,265,318
319,天天特价2017夏季新款复古chic风牛仔裤高腰显瘦九分阔腿裤女学生价格：39.8,三角衣柜,201,-0.0351,113,,,329,483,,277,319
320,娃娃家 2017夏装新款 韩版女装双排扣高腰显瘦短裤牛仔裤K376价格：59.9,娃娃家潮流女装,201,0.2288,125,,,,,,382,320
321,渔网破洞牛仔裤女夏九分裤网裤韩版显瘦小脚七分裤2017春夏季新款价格：99,恋人心服饰旗舰店,200,0.0049,146,283,304,,389,326,289,321
322,高腰牛仔短裤女装春夏季2017新款白色毛边宽松韩版刺绣花破洞热裤价格：128,蓓晴旗舰店,200,0.1764,166,338,262,425,387,319,360,322
323,可爱牛仔背带短裤女2017夏新款小清新学院风宽松白色学生连体大码价格：298,莉塞施芙妮品牌店,200,-0.0918,128,314,255,369,360,214,248,323
324,韩版高腰牛仔短裤女裤夏季百搭薄款显瘦弹力胖mm潮大码学生热裤子价格：139,维娓形象店,199,-0.1753,255,300,285,,,193,211,324
325,夏装女装韩版时尚百搭高腰显瘦牛仔裤A字短裤宽松阔腿裤学生热裤价格：34.98,可可里小姐,199,0.1186,169,,447,229,284,399,345,325
326,毛边高腰短裤牛仔夏女韩版学生宽松阔腿热裤显瘦a字短裤黑色裤子价格：99,沫沫家红人私服馆,199,0.3101,130,,390,320,304,363,426,326
327,夏季牛仔裤女中裤韩版小脚高腰紧身显瘦百搭薄款短裤七分八分裤女价格：228,东哞旗舰店,199,0.1464,168,412,372,,,305,352,327
328,2017夏装宽松白色破洞哈伦牛仔裤女韩版直筒九分高腰乞丐休闲女裤价格：199,attainluxury奢臻旗舰店,198,-0.01,181,313,337,,455,317,287,328
329,2017韩版新款春夏季高腰阔腿牛仔短裤女大码热裤宽松显瘦A字裤裙价格：65.9,依雪琪,198,-0.0189,227,251,280,414,404,247,284,329
330,白色毛边牛仔短裤女夏高腰2017新款宽松阔腿A字型大码学生热裤潮价格：108,布衣天成旗舰店,197,0.2054,184,,301,420,359,281,378,330
331,牛仔裤女春夏季2017新款学生高腰破洞长裤韩版修身显瘦弹力小脚裤价格：94,鹰爪花,197,0.5451,168,,,,,494,495,331
332,夏季宽松休闲牛仔短裤女夏黑白蓝色卷边高腰显瘦学生韩版百搭阔腿价格：89,第六屏旗舰店,197,0.0513,248,343,300,,458,250,322,332
333,九分牛仔裤子女春夏季2017新款黑色破洞显瘦高腰学生韩版百搭小脚价格：1,980,fxdis旗舰店,197,0.0831,190,362,290,,390,301,334,333
334,韩版春夏学生宽松显瘦高腰九分牛仔裤女bf风破洞松紧腰长裤哈伦裤价格：116,贝迪谷旗舰店,196,-0.1321,131,330,349,,480,367,227,334
335,高腰牛仔短裤女宽松显瘦韩版学生百搭2017春夏季新款破洞阔腿热裤价格：126,雅来特旗舰店,195,-0.0372,135,357,289,376,382,318,288,335
336,夏季薄款大码牛仔长裤女修身小脚裤弹力高腰牛仔裤学生百搭九分裤价格：88,JK潮女馆,195,0.7454,193,,,,,,,336
337,松紧腰刺绣短裤女薄款2017夏季新款高腰牛仔裤女胖mm大码宽松热裤价格：98,靓丽时尚服饰,194,0.1192,148,464,436,304,274,332,344,337
338,2017新款夏季阔腿牛仔短裤女装宽松韩版高腰显瘦超短裤学生热裤潮价格：78,匹克玛旗舰店,194,0.205,147,444,379,,,433,387,338
339,2017夏季新款A字高腰牛仔短裤女宽松黑色韩版阔腿百搭热裤学生潮价格：88,匹克玛旗舰店,194,0.2829,145,499,446,,447,369,423,339
340,前短后长不规则撕边牛仔裤 高腰显瘦净色牛仔短裤女白色小热裤价格：45,米娜 Mina Home,194,0.1605,155,205,236,378,349,355,368,340
341,牛仔短裤女夏2017新款松紧腰阔腿宽松高腰胖mm韩版开叉大码五分裤价格：118,也菲  简约实用女裤,193,0.2719,208,389,,,299,401,434,341
342,七十二层奇楼赵丽颖明星同款牛仔裤字母音符刺绣破洞白色背带裤女价格：138,诗绫服饰官方店,192,0.1168,103,,,,376,262,335,342
343,七十二层奇楼赵丽颖明星同款牛仔裤夏装衣服刺绣破洞白色背带裤价格：148,喵喵家明星日志,192,0.0099,84,,,442,237,384,315,343
344,夏装女装韩版时尚毛边绑带牛仔短裤个性显瘦阔腿裤宽松高腰热裤潮价格：33.88,可可里小姐,192,0.0305,184,493,,351,336,394,316,344
345,夏季薄款破洞九分牛仔裤女韩版修身9分铅笔裤小脚乞丐弹力裤子女价格：69.9,蔷薇家女装,192,0.4692,156,,,,,412,496,345
346,【限时秒杀】高腰显瘦毛边破洞牛仔短裤女学生浅色百搭热裤潮价格：113,SMA STUDIO 轻奢定制,191,0,158,,,,,,,346
347,【限时秒杀】 显瘦黑色毛边高腰牛仔裤女夏九分裤学生喇叭裤子价格：127,SMA STUDIO 轻奢定制,191,0,158,,,,,,,347
348,裤子女春季2017新款潮韩版学生宽松百搭bf九分港味牛仔裤直筒显瘦价格：115.9,依雪琪,191,0.2081,171,299,399,,,270,401,348
349,牛仔超短裤女士春夏季2017新款韩版显瘦百搭破洞学生热裤大码胖mm价格：98,阿塔芙旗舰店,190,0.4812,136,428,491,,,,,349
350,MANBO侧边拉链显瘦高腰喇叭裤长裤 夏季薄款女宽松复古阔腿牛仔裤价格：99,MANBO STUDIO,190,0.0039,95,170,293,235,204,294,314,350
351,夏季薄款新款高腰八分裤毛边九分微喇牛仔裤女显瘦黑色9分喇叭裤价格：99,蒙奴莎旗舰店,189,0.0316,102,182,240,306,289,278,325,351
352,2017夏季新款FGX 破洞牛仔短裤女夏宽松阔腿显瘦高腰休闲短裤女潮价格：108,桃子的希望 韩版女装,188,-0.0782,107,267,233,295,267,268,281,352
353,宽松显瘦破洞牛仔裤女九分bf乞丐裤韩国哈伦裤2017春季新款韩版价格：18.8,甜馨衣屋,188,0.2297,135,429,,,,,436,353
354,喇叭裤女九分裤牛仔裤韩国流苏显瘦高腰春季2017新款韩版微喇叭夏价格：188,莉雯茜旗舰店,187,0.1312,139,280,279,477,411,321,370,354
355,【GG】背带裤女夏白色牛仔短裤韩版新款吊带裤宽松显瘦学生连体裤价格：222,GG house 郭郭定制,187,0.1463,85,439,,82,18,68,377,355
356,女装 牛仔紧身七分裤(水洗产品) 192774 优衣库UNIQLO价格：99,优衣库官方旗舰店,187,-0.0317,138,270,217,451,341,249,320,356
357,2017夏季新款高腰牛仔短裤女修身弹力显瘦韩版薄款毛边流苏牛仔裤价格：168,Mrslady,185,0.2778,137,342,356,387,367,379,446,357
358,显瘦2017夏季新款修身破洞牛仔短裤女韩版刺绣花弹力百搭热裤子潮价格：75,teyi特一旗舰店,185,0.0705,157,297,287,469,350,380,354,358
359,2017夏季新款百搭牛仔短裤女韩版宽松显瘦阔腿裤学生高腰a字热裤价格：84,雅莉派时尚女装,185,0.1885,133,266,342,489,,455,407,359
360,宽松破洞牛仔裤女九分裤bf乞丐贴布大码哈伦裤2017春夏季新款韩版价格：108,teyi特一旗舰店,185,0.129,121,316,277,490,371,341,376,360
361,夏装女装韩版高腰显瘦牛仔裤短裤个性开叉毛边宽松休闲阔腿裤学生价格：29.98,可可里小姐,185,0.2135,174,437,,358,452,472,428,361
362,2017夏季新款牛仔短裤女夏高腰韩版白色a字宽松学生百搭阔腿裤潮价格：128,牛仔世家自制女装,185,0.1412,165,321,346,,464,329,367,362
363,2017新款高腰牛仔短裤女宽松阔腿裤韩版a字显瘦大码阔腿裤裙女夏价格：129,格森美尔旗舰店,184,0.1612,93,422,367,,435,427,389,363
364,牛仔短裤女夏季2017新款韩版宽松百搭高腰显瘦超短裤破洞卷边热裤价格：98,FJW Awen定制女装,184,-0.0384,147,167,225,186,210,296,313,364
365,高腰牛仔短裤女夏季学生黑色毛边短裤韩版宽松超短裤大码aa热裤潮价格：60,优裤米折折扣店,184,0.0654,202,135,261,177,123,138,355,365
366,2017春夏新款破洞牛仔裤女九分裤松紧腰哈伦裤宽松显瘦七分裤大码价格：189,风恬旗舰店,184,0.0121,132,192,247,291,417,299,319,366
367,古西亚牛仔短裤女夏高腰显瘦毛边破洞黑色阔腿热裤2017新款韩版潮价格：168,古西亚旗舰店,183,0.1466,118,352,336,412,495,425,392,367
368,热裤女夏季女士加大码高腰牛仔短裤女夏宽松胖mm潮弹力显瘦200斤价格：99,GO酷时尚牛仔坊,183,0.0055,191,310,319,473,409,280,331,368
369,裤子夏季卷边A字阔腿裤学生破洞牛仔短裤女高腰宽松热裤女牛仔裤价格：149,知序旗舰店,182,0.1669,149,468,483,,,414,414,369
370,韩版破洞显瘦时尚宽松牛仔背带短裤女夏季学生百搭连体吊带热裤潮价格：79.8,草帽韩阁,181,0.2158,116,,,,,304,441,370
371,港味复古chic风多口袋浅色毛须边热裤女百搭显瘦不规则牛仔短裤潮价格：37,港妹潮人馆,181,-0.0821,108,381,498,209,264,263,293,371
372,2017夏新款破洞牛仔短裤女韩版百搭显瘦流苏毛边学生高腰宽松热裤价格：120,可奈丽莎旗舰店,181,0.1843,123,478,,,,,418,372
373,chic风纯色韩版高腰热裤显瘦破洞宽松阔腿裤百搭学生短裤牛仔裤女价格：31,小宅女大购物 xiaozhainv 小宅女家 xiao zhai nv,181,0.0318,179,,,389,300,308,343,373
374,2017夏季新款白色高腰毛边破洞牛仔短裤韩版宽松百搭热裤子女学生价格：27.8,复古韩风 BF ulzzang,180,0.5086,206,475,404,,,398,,374
375,牛仔短裤女夏2017新款韩版显瘦百搭拉链高腰口袋休闲裤学生热裤价格：34,小宅女大购物 xiaozhainv 小宅女家 xiao zhai nv,180,0.5811,145,,,,463,,,375
376,200斤夏韩版高腰胖mm加肥加大码阔腿宽松薄款破洞大号牛仔短裤女价格：139,小熊女裤品质店,179,-0.0174,171,323,359,468,314,361,327,376
377,高腰牛仔五分裤女夏2017新款韩版学生宽松5分中裤破洞牛仔短裤女价格：129,淘帮你 原创,179,0.2395,168,,,,431,479,447,377
378,夏季高腰白色牛仔短裤女 韩版休闲宽松阔腿毛边黑色短裤学生热裤价格：118,依古街旗舰店,179,0.3351,175,,,,,486,480,378
379,白色牛仔短裤女夏高腰黑色a字毛边流苏宽松显瘦阔腿学生休闲热裤价格：140,雪之狼旗舰店,179,-0.0855,213,424,441,159,192,446,298,379
380,2017新款大码牛仔5分裤女松紧腰高腰直筒胖妹妹200斤加肥加大夏季价格：128,绒儿牛仔,179,0.0773,188,335,331,,331,331,373,380
381,倍曼多2017夏季新款A字翻边牛仔短裤女宽松高腰阔腿裤卷边热裤潮价格：198,倍曼多旗舰店,179,-0.0693,182,311,234,402,296,274,303,381
382,艾米恋高腰短裤牛仔裤女夏浅色韩版百搭夏季a字卷边宽松阔腿裤价格：95,艾米恋旗舰店,178,0.1558,120,457,438,,,405,411,382
383,破洞牛仔裤女春夏季2017新款学生韩版九分裤百搭bf宽松哈伦裤高腰价格：128,十翼旗舰店,178,0.0854,163,,,,,,375,383
384,牛仔短裤女夏2017新款韩版破洞高腰宽松热裤女薄款毛边白色短裤子价格：109,娅典欧旗舰店,178,0.6636,169,448,461,,,,,384
385,夏季薄款破洞牛仔裤女韩版高腰显瘦毛边阔腿裤学生弹力九分直筒裤价格：168,TU时尚潮流女装馆,178,0.231,124,285,443,330,318,370,452,385
386,2017新款牛仔短裤女夏韩版宽松学生高腰百搭港味bf风chic超短热裤价格：88,姿梵娜旗舰店,177,0.1392,171,482,385,,488,371,388,386
387,牛仔短裤女夏韩版2017春季新款热裤宽松破洞高腰玫瑰花刺绣超短裤价格：118,疯狂佳人旗舰店,177,-0.1243,136,301,284,463,357,411,286,387
388,薄款bf原宿风阔腿裤宽松高腰九分裤破洞毛边显瘦小直筒牛仔裤女夏价格：109,TU时尚潮流女装馆,176,0.12,130,,,447,385,431,403,388
389,大码牛仔短裤女胖mm2017新款夏刺绣破洞高腰热裤ulzzang裤子女夏价格：25,小宅女大购物 xiaozhainv 小宅女家 xiao zhai nv,176,0.4567,158,473,,314,410,496,,389
390,韩版黑色高腰chic大码牛仔短裤女夏宽松卷边a字显瘦阔腿学生热裤价格：79,诺兮牛仔,175,0.1146,163,275,370,210,392,302,405,390
391,天天特价牛仔短裤女夏季新款百搭毛边高腰阔腿裤宽松显瘦热裤学生价格：118,玫瑰家女装 ROSE FASHION 每周一四上新,174,0.3319,94,,,,,,489,391
392,ERQ 2017夏季新款韩版显瘦薄款拼接热裤百搭毛边牛仔短裤女 夏价格：289,erq旗舰店,174,9.2944,138,,129,,,,,392
393,AA紧身高腰牛仔短裤女夏天韩版修身显瘦黑色超短裤热裤安全打底裤价格：128,宇蕾品牌店,174,-0.0225,203,353,364,431,439,364,340,393
394,宽松破洞牛仔短裤女夏高腰韩版百搭显瘦女士热裤子2017夏季新款潮价格：88,爱梦雅旗舰店,173,0.0933,154,,374,,,327,398,394
395,艾米恋高腰牛仔短裤女夏阔腿裤 夏季学生韩版宽松显瘦百搭牛仔裤价格：115,艾米恋旗舰店,173,0.8715,134,,387,,,,,395
396,天天特价高腰牛仔短裤女夏季新款宽松大码弹力显瘦胖mm阔腿四分裤价格：99,朵莲七彩定制,173,0.2822,198,,,,348,495,478,396
397,夏季女装韩版chic港味宽松显瘦高腰不规则缺口剪边牛仔短裤热裤潮价格：25.8,麻辣小黑粉,172,0.1015,127,,,325,291,,430,397
398,短裤女高腰牛仔绣花阔腿裤夏季2017新款韩版学生宽松刺绣毛边热裤价格：198,8号仓服饰旗舰店,172,-0.0479,126,298,340,458,379,438,342,398
399,高腰牛仔短裤女夏2017新款韩版宽松大码弹力显瘦胖mm百搭四分阔腿价格：89,朵莲七彩定制,172,0.3563,175,,,,,444,499,399
400,2017新款牛仔短裤女夏高腰韩版百搭显瘦气质破洞白色热裤子阔腿薄价格：299,蘑菇头小米旗舰店,172,-0.2136,223,,,,,212,246,400
401,JHXC 明线装饰高腰宽松牛仔裤女夏季显瘦短裤黑白色阔腿裤热裤潮价格：78,酒红咸菜,172,0.0275,139,409,,195,148,208,363,401
402,2017夏装新款宽松破洞牛仔白色裤女装高腰显瘦bf韩版九分裤春夏季价格：199,韩美怡旗舰店,171,0.0755,167,245,278,424,395,314,399,402
403,2017夏装新款女装牛仔背带阔腿短裤宽松短袖套装修身显瘦连体裤子价格：138,夏微微旗舰店,171,-0.0319,114,319,322,487,396,450,339,403
404,2017夏新款韩版高腰阔腿裤流苏毛边黑色牛仔短裤女个性绑带热裤子价格：118,美舒儿旗舰店,171,0.1539,140,442,,,,,439,404
405,中年短裤女夏妈妈高腰中年妇女牛仔短裤弹力显瘦三分牛仔热裤大码价格：88,世满服装城,170,0.1316,169,,,,,459,402,405
406,破洞牛仔裤女春夏季2017新款韩版显瘦九分裤瘦腿裤女外穿铅笔裤潮价格：98,爱惹美官方店,170,0.1112,204,153,328,,,,420,406
407,2017春低腰牛仔短裤女夏靴裤显瘦大码宽松破洞拉链装饰韩版潮热裤价格：99,丽人衣酷牛仔工厂店,170,0.031,184,332,338,365,419,358,371,407
408,夏季高腰破洞微喇叭牛仔裤女九分毛边显瘦拼接撞色阔腿八分小直筒价格：108,赫度旗舰店,169,0.0023,104,351,317,467,423,323,366,408
409,破洞高腰牛仔短裤女夏韩版阔腿卷边大码裤宽松白色毛边学生热裤潮价格：58,瘦女郎杂志专刊,169,0.176,191,,,,,,462,409
410,夏季女装侧面条纹chic港味毛边牛仔短裤高腰宽松阔腿裤学生热裤子价格：100,潮汕服饰,169,0.3203,257,,,,,,,410
411,2017夏季新款韩版破洞七分裤女牛仔裤学生高腰不规则开叉微喇叭裤价格：109,奢式旗舰店,168,0.3903,146,294,339,,,390,,411
412,牛仔短裤女春夏季2017新款韩版潮宽松学生高腰A字毛边热裤阔腿裤价格：20,浅唱微笑家,168,0.0479,104,,,,,,397,412
413,牛仔短裤女夏2017新款韩版高腰休闲宽松显瘦破洞学生热裤子百搭潮价格：102,梦芙曼旗舰店,168,0.625,255,,,,,,,413
414,夏季女装韩版高腰牛仔短裤显瘦宽松阔腿裤学生热裤毛边黑色牛仔裤价格：27.98,试衣间SYJ,168,0.263,173,271,266,326,228,352,484,414
415,夏季新款宽松哈伦七分牛仔裤女小脚裤大码韩版春季薄款7分裤百搭价格：299,尚裤女装城,168,0.0513,149,289,283,,424,377,391,415
416,夏季新款毛边短裤女韩版破洞拼接网格牛仔裤短裤显瘦百搭渔网裤价格：188,圣菲格旗舰店,167,2.8837,397,,,,,,,416
417,高腰牛仔短裤女夏季2017新款韩版学生破洞宽松显瘦阔腿热裤超短裤价格：139,歌督旗舰店,166,0.3615,197,,445,,,,,417
418,韩国出口单2017新款nena里奈弹力牛仔短裤大口袋高腰百搭配皮带女价格：150,Small Korean,166,0.179,81,391,,267,254,348,454,418
419,夏季新款女装韩版宽松显瘦阔腿裤开叉高腰毛边牛仔裤短裤学生裤子价格：26.98,试衣间SYJ,166,0.9184,163,,,,489,,,419
420,女士高腰牛仔裤女春夏季超薄款九分裤2017新款弹力小脚铅笔裤长裤价格：298,都尚恋旗舰店,166,0.1488,156,340,348,476,426,343,450,420
421,牛仔短裤女春夏高腰2017时尚新款韩版宽松破洞学生显瘦阔腿三分裤价格：126,映遇旗舰店,166,-0.0911,96,443,332,,,320,324,421
422,钱夫人CHINSTUDIO定制 复古卷边高腰破洞牛仔裤女百搭学生九分裤价格：129,钱夫人家 雪梨定制,165,0.0068,103,333,,13,191,388,374,422
423,高腰牛仔短裤女夏显瘦毛边流苏宽松百搭阔腿裤学生白色热裤韩版潮价格：198,高窕秀腿旗舰店,165,0.4302,158,,380,,,391,,423
424,2017夏新款高腰黑灰色短裤女不规则毛边微宽松牛仔短裤女沙滩热裤价格：110,圣妮儿旗舰店,165,0.2758,143,232,269,380,364,464,498,424
425,高腰排扣性感破洞牛仔短裤女毛边2017夏季新款韩版a字热裤阔腿裤价格：29.9,Since2015  沫沫家,164,0.1975,191,476,373,,,392,459,425
426,黑色高腰牛仔短裤女夏2017新款韩版宽松大码胖mm破洞a字阔腿热裤价格：120,列迪旗舰店,164,-0.0459,142,248,274,483,408,333,353,426
427,牛仔裤女九分裤夏宽松显瘦松紧腰哈伦垮裤七分裤大码胖MM2017新款价格：118,铭阳旗舰店,164,-0.149,106,329,297,,325,251,304,427
428,港味复古韩国chic风高腰百搭磨毛牛仔裤宽松显瘦流苏边休闲短裤女价格：32,港妹潮人馆,163,-0.0192,162,356,499,278,255,406,365,428
429,2017韩版白色破洞低腰牛仔短裤女夏弹力修身显瘦休闲百搭热裤女潮价格：99,静怡家 每周一 五上新,163,0.1662,157,408,391,,462,400,465,429
430,白色牛仔短裤女春夏季2017新款韩版高腰学生宽松百搭显瘦超短热裤价格：88,金缈服饰旗舰店,163,0.4397,209,,,,,,,430
431,2017新款a字宽松bf风牛仔短裤女夏白色毛边高腰学生韩版百搭阔腿价格：65,莱瑟儿,163,-0.034,237,384,323,,,469,347,431
432,2017新款夏季韩版bf风宽松显瘦原宿牛仔裤女背带裤九分连体阔腿裤价格：398,云裳尔韩版女装,163,0.0552,73,207,209,310,295,285,415,432
433,2017夏季时尚宽松大码胖mm可穿破洞水洗牛仔掉档垮裤中裤背带裤价格：69.9,布拉诺优质潮流女装,162,-0.0458,117,278,368,194,183,350,357,433
434,高腰黑色九分喇叭牛仔裤女弹力显瘦毛边微喇9分裤女春夏薄款流苏价格：99,别听她们的,161,0.2016,166,,,,,,479,434
435,两件套背带牛仔裤女2017夏季新款七分裤韩版宽松连体裤吊带阔腿裤价格：189,澜莱雅旗舰店,161,0.4462,57,,,,,465,,435
436,高腰牛仔短裤女夏装2017新款韩版卷边宽松热裤潮学生短裤女牛仔裤价格：118,doirliy朵黎服饰旗舰店,160,0.0256,164,308,320,423,378,426,406,436
437,夏季韩版胖mm200斤加肥加大码宽松高腰牛仔短裤女显瘦阔腿热裤潮价格：99,胖MM大购物,159,0.198,204,,,,,295,488,437
438,松紧腰牛仔短裤女夏高腰宽松显瘦2017新款韩版卷边学生胖mm热裤潮价格：198,Monster  Yan 精选 定制,159,0.2973,201,,,,,471,,438
439,韩国出口单2017新款nena里奈高腰显瘦阔腿裤A字牛仔短裤百搭热裤价格：130,Small Korean,159,0.3567,153,452,,300,334,,,439
440,新款宽松破洞牛仔短裤玫瑰刺绣白色高腰短裤女学生毛边热裤阔腿裤价格：109,希娜苏旗舰店,159,0.0252,119,,,,,,396,440
441,牛仔短裤女夏季2017新款高腰显瘦阔腿裤百搭宽松毛边流苏热裤学生价格：98,小薇家快时尚潮流女装,158,1.2552,147,,,,,,,441
442,破洞牛仔裤女九分裤学生韩版薄款小脚高腰显瘦女装2017新款春夏季价格：148,zsrs旗舰店,157,0.1135,125,,350,,448,373,453,442
443,17新款牛仔短裤女夏季时尚毛边宽松阔腿裤热裤胖mm水洗做旧裤子潮价格：38,宜雅曼莎MANSA,157,0.089,220,484,,,352,339,449,443
444,2017夏装新款浅色高腰破洞牛仔裤女宽松显瘦九分裤学生薄款阔腿裤价格：129,笨笨的店定制女装,156,0.0404,68,358,,238,225,448,431,444
445,夏季薄款韩版松紧腰牛仔裤女长裤学生bf风宽松阔腿九分直筒哈伦裤价格：108,米菲时尚潮流,156,0.0123,198,,,,,481,408,445
446,牛仔短裤女宽松夏季2017新款韩版潮显瘦直筒百搭中腰破洞短裤热裤价格：89,颜茹旗舰店,156,0.0608,178,390,325,418,421,375,442,446
447,春夏女装韩版时尚高腰毛边牛仔短裤显瘦百搭阔腿裤学生休闲牛仔裤价格：29.98,可可里小姐,156,0.5851,170,326,,411,337,,,447
448,破洞牛仔裤女宽松直筒学生浅色bf乞丐裤2017夏季新款哈伦九分裤价格：168,纯儿服饰旗舰店,156,-0.0605,197,256,444,,473,,372,448
449,黑色短裤女夏2017新款白色牛仔短裤高腰大码胖mm宽松阔腿牛仔裤价格：109,七色大小姐旗舰店,155,0.0985,133,361,472,,,474,460,449
450,夏季新款A字宽松款韩版牛仔裤高腰短裤阔腿女士卷边白色牛仔价格：89,第六屏旗舰店,155,0.4251,204,233,265,494,,475,,450
451,白色破洞牛仔裤女宽松韩版学生哈伦裤九分裤女裤子春夏季2017新款价格：288,韩势牛企业店,155,-0.0868,150,350,195,222,265,440,359,451
452,港味牛仔裤女2017新款韩版chic风复古裤子学生宽松直筒裤九分裤夏价格：37.98,试衣间SYJ,155,0.2203,110,466,,,487,,,452
453,夏季新款韩版外穿短裤薄款高腰弹力女士超短裤学生紧身牛仔热裤潮价格：88,普洛米亚折扣店,154,0.2424,176,,431,,,419,,453
454,2017夏装韩版宽松卷边复古阔腿短裤显瘦休闲热裤百搭高腰牛仔裤女价格：33.98,果果女装家,154,0.0576,177,,,331,351,480,448,454
455,2017夏季新款个性系带毛边牛仔短裤高腰显瘦休闲阔腿裤热裤女学生价格：36.8,三角衣柜,154,0.1356,137,490,,139,9,417,466,455
456,kumayes 学生中高腰破洞牛仔乞丐短裤女夏季宽松显瘦休闲毛边热裤价格：59,kumayes,153,0.0074,116,392,428,232,209,428,424,456
457,黑白灰色高腰牛仔短裤女夏毛边胖mm加肥大码宽松200斤韩版热裤潮价格：29.9,Since2015  沫沫家,153,-0.0451,170,382,433,,478,483,394,457
458,复古韩国chic风裤脚无缝剪裁九分小脚裤高腰修身显瘦铅笔牛仔裤女价格：41,港妹潮人馆,153,0.2145,127,368,,307,286,462,,458
459,毛边高腰短裤牛仔夏女韩版学生宽松阔腿热裤显瘦a字短裤白色裤子价格：16.8,洛绮绫,153,-0.0332,164,373,,,,,395,459
460,毛边白色牛仔短裤女夏2017新款韩版高腰学生a字宽松阔腿热裤显瘦价格：198,紫曼淑旗舰店,152,0.4167,177,398,369,,,454,,460
461,韩国烟灰色破洞排扣牛仔短裤女夏mm大码显瘦阔腿裤乞丐AA热裤毛边价格：168,六仔裤,152,0.1984,214,364,,344,403,491,,461
462,白色牛仔短裤女夏2017新款修身显瘦性感弹力紧身毛边破洞热裤学生价格：118,锦绣伊人牛仔服饰,152,-0.0153,181,374,355,,498,409,413,462
463,高腰白色牛仔短裤女夏宽松阔腿热裤学生显瘦a字短裤大码毛边薄款价格：69,蔓蓉旗舰店,152,0.0178,163,,,,,282,,463
464,2017新款高腰牛仔大码胖mm学生显瘦韩版百搭宽松阔腿超短裤女夏季价格：66.9,锐茵服饰,152,0.878,278,,,,,,,464
465,天天特价夏季女2017新款韩版高腰牛仔短裤显瘦气质淑女百搭卷边潮价格：130,LOL牛仔,152,207.3167,165,,,,,,,465
466,复古港味夏季新款个性破洞侧面流苏花边拼接水洗浅色牛仔短裤女裤价格：30,港味潮人馆,151,0.1243,209,,470,,,458,483,466
467,复古侧拉高腰牛仔阔腿长裤 0.58kg价格：59,岳纳珊,151,0,174,,,,,,,467
468,夏季韩版复古松紧高腰牛仔短裤胖mm大码宽松阔脚短裤学生热裤 女价格：129,春上秋下服饰旗舰店,151,-0.0064,140,487,,,,,421,468
469,牛仔短裤女夏破洞高腰毛边阔腿超短裤学生热裤显瘦宽松百搭短裤子价格：148,纯儿服饰旗舰店,151,0.6962,176,,,,,,,469
470,班申牛仔短裤女夏高腰阔腿裙裤2017新款韩版宽松显瘦a字裙阔腿裤价格：148,班申旗舰店,150,0.0505,116,462,481,,,482,456,470
471,春夏女装韩版chic港味宽松显瘦学院风高腰流苏乞丐热裤牛仔短裤潮价格：23.8,麻辣小黑粉,150,0.2784,171,,,357,388,,,471
472,VINTAGE PUDR 3767正品17夏季新款显瘦磨破毛边牛仔短裤热裤女潮价格：70,琉璃街 女装馆,149,0.0567,128,417,454,,479,,455,472
473,条纹黑色高腰牛仔短裤春季女夏2017新款韩版百搭阔腿裤学生热裤子价格：34,小宅女大购物 xiaozhainv 小宅女家 xiao zhai nv,149,0.0007,142,394,478,265,272,442,438,473
474,牛仔短裤女夏季2017新款韩版爱心刺绣毛边高腰宽松百搭学生热裤潮价格：29.9,哚拉小牛,149,-0.0143,179,371,421,,,,433,474
475,玛玛绨2017夏季新款黑色牛仔裤韩版宽松阔腿显瘦高腰休闲短裤女潮价格：178,maxmartin玛玛绨旗舰店,149,-0.161,100,305,,,91,136,338,475
476,薄款大码宽松紧牛仔七分裤女夏季胖mm中裤哈伦裤九分短裤马裤7分9价格：169,点棉服饰,149,0.1399,212,,,,,,486,476
477,超短裤女夏季韩版宽松百搭毛边高腰显瘦阔腿学生破洞牛仔裤热裤潮价格：63.7,衣甜屋,149,0.315,209,,,,,,,477
478,复古港味chic风水洗做旧磨破毛边夏季百搭高腰牛仔短裤热裤女价格：29,港味潮人馆,149,-0.0854,178,413,377,,,404,386,478
479,牛仔短裤女夏百搭背带阔腿短裤2017新款韩版宽松学生高腰女装春夏价格：98,丝滑滑旗舰店,148,0.2479,148,,,,,,,479
480,高腰牛仔短裤女夏天2017新款韩版百搭学生宽松显瘦刺绣阔腿热裤子价格：198,8号仓服饰旗舰店,148,0.2365,183,328,311,,,,,480
481,2017新款宽松牛仔短裤女夏毛边阔腿短裤高腰显瘦百搭学生A字热裤价格：89,米阁娜服饰旗舰店,148,0.2485,160,,420,,,449,,481
482,2017春夏季新款高腰牛仔裤女九分裤小脚长裤韩版显瘦黑色铅笔裤子价格：98,薇伦旗舰店,148,0.0796,175,,388,,,,485,482
483,刺绣牛仔裤七分裤女夏宽松学生大码松紧腰高腰显瘦休闲哈伦裤薄款价格：269,紫霞仙子与牛仔,148,0.2232,165,496,403,,,,,483
484,2017夏季新款女装韩版破洞乞丐裤宽松裤子显瘦九分裤港味牛仔裤女价格：36.98,试衣间SYJ,147,-0.0433,108,440,,,,441,417,484
485,细背带高腰9分阔腿裤女浅色牛仔裤17夏宽松韩版腰绑带显瘦女裤价格：94,麦兜欧韩精品女装馆,147,0.3214,127,,,,,,,485
486,五分牛仔裤女夏宽松学生韩国ulzzang2017新款韩版显瘦大码胖mm价格：99,等枫来旗舰店,147,0.1855,164,,,,,,,486
487,牛仔短裤女夏季2017新款韩版高腰裤子宽松女装百搭a字热裤牛仔裤价格：118,伊华蔻旗舰店,147,0.1578,107,,,,,,,487
488,大码牛仔短裤女士胖mm2017新款夏200斤韩版百搭宽松高腰胖妹妹潮价格：89,琼羽旗舰店,146,0.6569,217,,,,,,,488
489,牛仔短裤女夏学生韩版高腰破洞毛边外穿简约显瘦大码宽松阔腿热裤价格：78,d[s111464169],146,-0.0101,113,,439,,461,436,432,489
490,曼普拉2017新款夏宽松显瘦牛仔背带短裤女学院风连体背带裤可爱潮价格：198,曼普拉旗舰店,145,0.378,130,,,,,,,490
491,牛仔阔腿裤女高腰2017春夏季新款学生显瘦流苏九分裤子韩版宽松潮价格：368,柏家好精品牛仔店,145,0.2669,106,,,479,398,,,491
492,2017夏新品韩版高腰毛边不规则字母飘带牛仔短裤百搭宽松阔腿裤女价格：95,歌卡琪旗舰店,144,-0.1494,127,386,415,496,459,439,358,492
493,高腰a字牛仔短裤女夏2017新款韩版破洞女装白色黑色宽松阔腿热裤价格：109,记忆花园旗舰店,144,0.1724,212,306,242,382,345,,,493
494,高腰牛仔七分裤女中裤夏季薄款显瘦小直筒弹力胖MM大码7分 短裤潮价格：69,依依酷服饰,144,0.1779,183,380,365,,,,,494
495,喇叭裤女九分裤牛仔裤韩国流苏显瘦高腰春季2017新款韩版微喇叭夏价格：68,别听她们的,143,-0.0688,192,366,296,,496,383,429,495
496,白色牛仔短裤女宽松2017夏季新款学生高腰韩版潮破洞百搭春款热裤价格：140,雅来特旗舰店,143,0.0878,123,498,,,481,,,496
497,MG小象牛仔裤女夏季2017新款韩版百搭宽松阔腿裤bf风高腰短裤热裤价格：158,MG小象欧美街拍时尚女装,143,-0.0025,86,,,44,184,359,444,497
498,苏麦牛仔裤短裤女2017夏装新款韩版修身显瘦高腰卷边抓纹磨破热裤价格：199,苏麦旗舰店,143,0.2962,159,,,,,,,498
499,钱夫人CHINSTUDIO定制韩版高腰浅色毛边牛仔短裤女夏宽松显瘦热裤价格：99,钱夫人家 雪梨定制,143,0.2516,104,,,26,422,,,499
500,2017春季新款韩版牛仔短裤女裙裤浅蓝色裤裙半身裙女短裙女热裤价格：129,雅姿碧旗舰店,143,0.4146,130,,,,,,,500