热销排名,商品信息,所属店铺,支付子订单数,支付件数,支付转化率指数,店铺链接,日期：20170726,日期：20170727,日期：20170728,日期：20170729,日期：20170730,日期：20170731,日期：20170801,日期：20170802,日期：20170803,日期：20170804,日期：20170805,日期：20170806,日期：20170807,日期：20170808
1,天天特价春夏季休闲哈伦裤bf宽松高腰九分破洞牛仔裤女显瘦乞丐裤价格：699,韩轩儿服饰0,1800,1801,19,//shop107259984.taobao.com,,,,,,,,,,,,,,1800
2,高腰牛仔裤女九分裤秋装2017春夏季新款韩版显瘦小脚长裤铅笔裤子价格：128,爱斯麦乐驹专卖店,933,942,16,//aisimylj.tmall.com,570,566,566,721,776,722,787,749,655,693,742,718,795,933
3,高腰牛仔裤女九分裤春夏季2017新款韩版破洞铅笔裤黑色小脚长裤子价格：99,本真之美旗舰店,754,756,15,//benzhenzhimei.tmall.com,554,563,563,475,375,374,382,323,349,280,383,599,613,754
4,8.8日直播 经典返场 丝袜牛仔裤 【会员日专享】限1天价格：109,猴哥定制 MONKEY STUDIO,750,756,39,//leoshizizuo.taobao.com,,,,,,,,,,,,,,750
5,森马牛仔裤女 长裤夏装修身小脚显瘦百搭水洗直筒裤子学生韩版潮价格：179,森马官方旗舰店,750,777,26,//semir.tmall.com,32,,,149,83,51,22,28,22,24,,,,750
6,高腰牛仔裤女修身显瘦新款九分裤百搭个性2017春装韩版小脚裤子潮价格：169,ledao服饰旗舰店,574,574,22,//ledaofs.tmall.com,114,,,,,,335,232,130,,,,,574
7,2017百搭新款破洞牛仔短裤女夏季弹力热裤学生显瘦韩版毛边短裤潮价格：78,《韩美》,520,528,21,//shop112753329.taobao.com,785,626,626,616,700,648,609,571,524,475,529,577,465,520
8,新款高腰黑色显瘦卷边牛仔裤女韩版春夏季百搭女士九分铅笔小脚裤价格：198,绒懿旗舰店,509,513,17,//rongyinvzhuang.tmall.com,465,441,441,543,545,569,573,507,503,586,500,525,600,509
9,陈艾佳 C&#39;est Parti 2017秋新款韩版高腰显瘦黑色铅笔牛仔裤女价格：179,C est Parti陈艾佳的时髦实验室,491,494,32,//cestparti.taobao.com,,,,,,,,,,,,,,491
10,韩版高腰牛仔裤女小脚长裤春夏季2017新款紧身显瘦学生薄款九分裤价格：169,依情蜜语,470,477,16,//pwp1.taobao.com,219,288,288,357,388,329,432,394,427,416,392,412,477,470
11,夏季薄款浅蓝色高腰破洞牛仔裤女九分裤紧身小脚裤弹力毛边铅笔裤价格：128,以耶旗舰店,452,453,12,//yiye.tmall.com,113,123,123,193,208,226,241,255,261,268,332,420,476,452
12,2条装】破洞牛仔裤女夏2017新款韩版显瘦高腰小脚铅笔黑色九分裤价格：299,香舒婷旗舰店,383,470,17,//xiangshuting.tmall.com,137,158,158,138,93,53,22,,,212,288,401,458,383
13,破洞九分牛仔裤女春夏季2017新款潮韩版百搭学生显瘦高腰黑色裤子价格：1,980,爱衣频道旗舰店,379,382,18,//aiyipindao.tmall.com,259,257,257,309,359,351,453,450,419,403,405,412,371,379
14,春夏款韩版九分破洞高腰牛仔裤女学生弹力小脚紧身显瘦铅笔长裤子价格：68,GMCJ 国民潮姐,363,368,18,//shop107728152.taobao.com,267,312,312,336,371,329,387,379,354,352,309,329,337,363
15,牛仔短裤女夏季学生白色破洞毛边韩版宽松超短裤大码高腰阔腿热裤价格：100,罗塔依曼旗舰店,352,364,21,//luotayiman.tmall.com,421,352,352,371,406,375,418,464,430,407,379,472,420,352
16,MOSS定制2017秋季新款韩版破洞浅色铅笔裤九分牛仔裤女AD73249价格：139,榴莲家 MOSS STUDIO,341,341,25,//liulianjia.taobao.com,,,,,,,,,,,,,,341
17,显瘦牛仔裤女九分裤2017春夏季新款修身裤子女弹力小脚裤长裤秋季价格：289,和雨熙服饰旗舰店,337,337,8,//heyuxi.tmall.com,,,,,40,49,68,56,107,141,193,366,275,337
18,烟灰色高腰九分牛仔裤女2017秋夏季新款简约修身显瘦小脚铅笔长裤价格：74,第四十九天 49t,336,337,16,//shop136501012.taobao.com,301,273,273,285,295,291,304,311,257,241,272,337,335,336
19,VeroModa复古高腰极简修身版型小脚牛仔裤女|316349506价格：379,veromoda官方旗舰店,334,334,17,//veromoda.tmall.com,39,43,43,,,,263,116,129,41,,,,334
20,ONLY2017夏新棉弹面料修身小脚九分牛仔裤女|117249523价格：399,ONLY官方旗舰店,331,331,17,//only.tmall.com,26,,,281,152,167,63,51,52,60,,,,331
21,预售太平鸟女装2017秋装新款纯色高腰牛仔裤女休闲时尚长裤铅笔裤价格：429,太平鸟官方旗舰店,320,323,26,//pb89.tmall.com,,38,38,,,,,,21,,,,,320
22,韩版春夏季黑色牛仔裤女九分裤小脚弹力显瘦修身学生高腰牛仔长裤价格：259,尚琛旗舰店,320,331,13,//shangchenfs.tmall.com,291,252,252,179,211,189,192,188,171,171,158,242,297,320
23,黑色膝盖破洞牛仔裤女乞丐九分裤夏高腰显瘦弹力紧身小脚裤薄款潮价格：89,依沐蓝旗舰店,300,301,14,//yimulan.tmall.com,55,69,69,83,108,90,145,142,196,198,210,250,326,300
24,2017新款春夏韩版长裤弹力修身大码显瘦高腰小脚铅笔牛仔九分裤女价格：299,格秋旗舰店,285,289,19,//geqiu.tmall.com,184,169,169,215,272,273,259,241,264,268,227,260,254,285
25,牛仔裤女九分裤铅笔韩版秋季小脚高腰显瘦紧身春夏季2017新款长裤价格：148,zsrs旗舰店,278,278,14,//zsrsjj.tmall.com,177,179,179,232,242,213,280,264,266,268,218,246,263,278
26,中学生牛仔裤女装九分高腰显瘦小脚长裤紧身初中生裤子韩版春夏季价格：238,牛尔服饰旗舰店,277,277,14,//niuerfs.tmall.com,175,135,135,284,260,276,191,135,148,139,181,247,250,277
27,九分裤子女2017新款裤脚不规则毛边牛仔裤高腰紧身弹力小脚铅笔裤价格：69.9,你的足迹旗舰店,276,276,11,//nidezuji.tmall.com,175,175,175,199,178,234,244,289,250,258,248,273,288,276
28,秋装韩版牛仔裤女九分裤2017春夏季新款薄款紧身小脚裤学生长裤子价格：109,雅来特旗舰店,265,269,15,//yalaite.tmall.com,242,256,256,175,161,152,144,171,159,177,146,184,252,265
29,秋装高腰牛仔裤女九分裤春夏季2017新款韩版显瘦小脚裤铅笔长裤子价格：108,薇伦旗舰店,262,262,16,//weilun.tmall.com,54,68,68,100,119,128,148,161,181,182,204,230,236,262
30,VeroModa修身包臀版型九分裤微弹牛仔裤女|316449501价格：279,veromoda官方旗舰店,262,262,13,//veromoda.tmall.com,42,52,52,,,,532,260,359,84,71,59,49,262
31,秋装破洞牛仔裤女九分裤春夏季2017新款韩版显瘦高腰学生小脚裤子价格：138,蕾媛旗舰店,252,254,14,//leiyuannz.tmall.com,150,109,109,216,171,210,236,246,263,207,197,221,256,252
32,2017新款韩版牛仔裤女长裤小脚裤春季破洞弹力裤子女铅笔裤黑色潮价格：198,鹿女郎旗舰店,249,251,18,//lunvlang.tmall.com,160,155,155,219,195,206,182,193,207,223,179,214,227,249
33,MALI/2017初秋新款 黑灰高弹力不规则毛边8分牛仔裤（特）价格：199.99,MALI STUDIOS,248,248,15,//mtastudios.taobao.com,,3053,3053,184,188,320,322,201,224,172,254,256,235,248
34,黑色牛仔裤女2017秋装新款韩版高腰长裤显瘦学生小脚铅笔女裤子夏价格：85,淑美林服饰旗舰店,239,241,16,//shumeilin.tmall.com,83,131,131,57,51,133,157,194,191,198,165,160,231,239
35,逸阳女裤2017新款秋季八分牛仔裤女毛边铅笔小脚裤九分裤薄款2015价格：159,逸阳旗舰店,239,240,21,//esey.tmall.com,37,,,200,133,55,36,36,,46,30,,,239
36,复古韩国chic风裤脚无缝剪裁九分小脚裤高腰修身显瘦铅笔牛仔裤女价格：41,港妹潮人馆,231,236,17,//bazhaoyi.taobao.com,109,114,114,110,111,106,131,135,131,143,136,187,187,231
37,黑色破洞牛仔短裤女夏2017新款高腰百搭显瘦韩版学生时尚修身弹力价格：169,潮元素韩版女装,231,232,17,//cyshbnz.taobao.com,787,676,676,400,634,573,679,617,540,457,416,370,314,231
38,九分牛仔裤子女春夏季2017新款黑色破洞显瘦高腰学生韩版百搭小脚价格：1,980,fxdis旗舰店,227,227,19,//fxdis.tmall.com,184,209,209,168,158,140,145,128,115,186,231,200,200,227
39,左唐高腰牛仔裤女夏季小脚九分裤大码浅色紧身显高流苏毛边9分裤价格：199,左唐直销店,222,224,10,//zuo-tang.taobao.com,44,43,43,55,41,50,49,52,62,69,90,143,153,222
40,牛仔裤女春夏季九分裤2017新款韩版裤子显瘦秋装小脚裤长裤铅笔裤价格：109,亦唯旗舰店,222,239,14,//yiweinz.tmall.com,83,109,109,148,143,147,189,199,203,212,216,212,223,222
41,女士高腰牛仔裤女春夏季超薄款九分裤2017新款韩版小脚铅笔裤长裤价格：298,都尚恋旗舰店,221,222,17,//dushanglian.tmall.com,236,242,242,300,290,258,251,252,266,213,238,214,232,221
42,秋季韩版高腰紧身烟灰色牛仔裤女学生小脚九分裤显瘦黑色铅笔长裤价格：128,GAG牛仔馆,210,210,14,//gagniuzai.taobao.com,92,131,131,225,260,237,265,241,278,218,226,219,199,210
43,春夏季新款显瘦高腰牛仔裤女九分裤小脚长裤铅笔裤韩版潮2017秋装价格：198,末桑旗舰店,201,201,17,//mosang.tmall.com,73,86,86,95,103,127,141,154,125,131,113,137,159,201
44,太平鸟女装2017秋装新款绑带修身高腰牛仔裤女时尚百搭长裤铅笔裤价格：429,太平鸟官方旗舰店,198,198,21,//pb89.tmall.com,,,,,,,,,,,,,,198
45,牛仔裤女春夏季2017新款九分裤薄款显瘦毛边紧身高腰9分铅笔裤潮价格：118,红笛格旗舰店,197,198,12,//hongdige.tmall.com,97,96,96,71,120,82,114,118,114,133,147,157,176,197
46,天天特价新款韩版中腰学生刺绣弹力小脚裤显瘦破洞九分牛仔裤女薄价格：159,蝴蝶女王,195,195,14,//i7jeans.taobao.com,82,101,101,151,187,234,110,117,124,100,121,113,144,195
47,逆光女装韩版高腰牛仔裤女夏2017新款修身显瘦学生小脚裤九分裤子价格：199,逆光女装,194,194,23,//neato.taobao.com,,,,,,,,,,,,,,194
48,破洞牛仔裤女九分小脚裤2017春夏季新款韩版高腰修身显瘦长裤子潮价格：138,旗维斯旗舰店,191,192,17,//qwsfs.tmall.com,311,288,288,187,137,102,107,126,99,126,110,180,142,191
49,黑色牛仔裤女春夏季2017新款韩版高腰长裤显瘦裤子秋装小脚铅笔裤价格：109,卡仑奴旗舰店,190,222,14,//kalunnu.tmall.com,94,102,102,144,148,160,185,189,204,211,195,200,207,190
50,2017夏季薄款高腰牛仔裤女学生百搭长裤新款修身弹力小脚铅笔裤女价格：94,U闺蜜小栈,190,194,19,//shop180522044.taobao.com,277,254,254,231,206,200,190,158,154,168,205,166,184,190
51,谢梦 侧边红色织带运动风水洗牛仔九分裤圆环装饰学生显瘦休闲裤价格：149,Dreamy 谢梦,189,190,27,//dreamy-xm.taobao.com,,,,,,,,,,,,,,189
52,森马牛仔裤女2017秋季新款修身小脚裤韩版显瘦长裤学生bf风裤子潮价格：119,森马官方旗舰店,188,188,18,//semir.tmall.com,,,,72,62,23,,19,,,,,,188
53,破洞牛仔裤女春夏季新款韩版显瘦九分裤小脚长裤2017铅笔裤女裤子价格：89,萌路旗舰店,185,185,14,//menglufs.tmall.com,97,120,120,149,149,111,135,142,147,135,140,145,182,185
54,秋夏季薄款高腰牛仔裤女学生百搭长裤修身弹力小脚铅笔裤九分裤女价格：94,雅菲妮旗航店,183,186,20,//shop72770957.taobao.com,105,123,123,203,213,182,204,209,238,215,222,200,177,183
55,显瘦小脚长裤子铅笔裤破洞牛仔裤女九分裤夏季韩版潮2017秋装新款价格：108,teyi特一旗舰店,182,183,15,//teyi.tmall.com,96,95,95,149,125,132,148,154,138,155,124,137,137,182
56,ONLY2017夏新含棉含莱卡低腰修身牛仔裤女|117132524价格：399,ONLY官方旗舰店,181,182,22,//only.tmall.com,14,,,85,49,54,13,21,44,36,,,,181
57,逸阳女裤2017夏季新款牛仔裤女九分裤高腰铅笔裤八分小脚裤薄1795价格：149,逸阳旗舰店,177,178,23,//esey.tmall.com,50,29,29,34,39,25,,29,,,,,,177
58,2017春秋季新款学生牛仔裤女长裤韩版小脚显瘦弹力修身铅笔裤夏价格：128,荷q旗舰店,176,176,14,//hetinz.tmall.com,60,85,85,100,130,110,160,159,127,147,121,159,130,176
59,预售太平鸟女装2017秋装新款破洞基础牛仔裤女 修身小脚裤铅笔裤价格：469,太平鸟官方旗舰店,176,176,20,//pb89.tmall.com,,25,25,,,,,,,,,,,176
60,九分牛仔裤女春夏季2017新款韩版高腰显瘦弹力学生毛边小脚铅笔裤价格：158,卡思媚官方店,174,174,14,//karthmei.taobao.com,26,26,26,40,53,48,60,102,105,88,81,106,161,174
61,韩版高腰牛仔短裤女夏2017新款百搭显瘦弹力大码学生热裤子胖mm潮价格：128,薇伦旗舰店,171,172,23,//weilun.tmall.com,222,163,163,166,189,133,115,149,148,140,131,172,189,171
62,高腰牛仔裤女九分裤秋装2017春夏季新款韩版显瘦小脚长裤铅笔裤子价格：99,qstary旗舰店,171,172,33,//qstary.tmall.com,,,,,,,,,,,,,,171
63,修身小脚牛仔裤女七分裤 夏季薄款韩版显瘦大码中裤女7九分裤子潮价格：98,迈可思旗舰店,170,170,27,//maikesi.tmall.com,353,281,281,226,258,191,225,222,192,171,175,162,143,170
64,松紧腰宽松加肥加大码胖mm200斤哈伦牛仔七分裤女夏季薄中裤马裤价格：129,牛 家 河 儿,169,169,20,//niujunhong.taobao.com,267,250,250,360,308,278,244,294,267,205,231,212,193,169
65,韩版黑色破洞牛仔裤女春夏季九分学生高腰弹力修身小脚显瘦铅笔款价格：198,依站到底旗舰店,169,175,22,//yizhandaodi.tmall.com,125,105,105,114,121,128,139,143,137,129,103,145,131,169
66,2017韩版春秋季九分牛仔裤女高腰铅笔裤弹力显瘦修身学生小脚长裤价格：99,双益牛仔,168,169,17,//shop105580877.taobao.com,108,73,73,112,132,125,117,134,130,135,119,137,133,168
67,秋装高腰牛仔裤女春夏季2017新款九分裤紧身小脚裤韩版显瘦铅笔裤价格：182,瓦q旗舰店,165,165,13,//wati.tmall.com,128,142,142,160,146,148,158,160,147,157,146,150,143,165
68,高腰牛仔裤女九分裤长裤秋装春夏季2017新款韩版百搭显瘦紧身小脚价格：118,心计划旗舰店,163,167,12,//xinjihua.tmall.com,46,36,36,50,56,55,67,86,76,108,90,136,105,163
69,修身显瘦牛仔裤女士长裤小脚裤2017秋季新款铅笔裤韩版秋装裤子女价格：128,前途旗舰店,162,162,11,//qiantu.tmall.com,69,102,102,176,203,192,195,209,203,139,162,171,157,162
70,ONLY2017夏装新品修身高腰打底小脚牛仔裤女|117132512价格：399,ONLY官方旗舰店,161,162,21,//only.tmall.com,,,,67,46,38,,19,,25,,,,161
71,高腰牛仔裤女九分新款韩版弹力显瘦修身毛边小脚长裤铅笔百搭潮流价格：198,唯昊旗舰店,161,161,18,//weihaonz.tmall.com,,,,,,,36,33,48,52,53,70,139,161
72,七分牛仔裤女夏修身显瘦薄款中裤高腰弹力百搭马裤女2017新款夏季价格：199,淘邦天下,159,159,22,//tb-tx.taobao.com,171,167,167,110,137,90,101,208,127,109,130,188,181,159
73,韩国个性撕边不规则破洞紧身牛仔裤水洗磨白小脚裤弹力紧身裤女价格：88,馨帮帮sinbounboun,156,156,16,//sinbounboun.taobao.com,,,,,,,,,,,,,,156
74,2017春韩版欧洲站浅色膝盖破洞牛仔裤女弹力显瘦九分小脚铅笔裤子价格：148,梦衣堂服饰,156,157,15,//jynz5.taobao.com,125,117,117,112,105,142,152,135,113,111,117,122,140,156
75,雪欧尼定制修身显瘦灰色铅笔裤女夏气质牛仔裤潮百搭九分裤小脚裤价格：129,oness雪欧尼定制,156,156,15,//shop373361488.taobao.com,,,,,,,,,,,,,,156
76,夏季新款高腰牛仔短裤女士松紧腰宽松四分裤a裤排扣大码收腹胖mm价格：199,狐卡尼网上商城,156,159,26,//shop108092084.taobao.com,247,242,242,193,223,188,221,177,167,193,198,184,170,156
77,太平鸟女装2017夏装新款破洞毛边牛仔裤女百搭修身长裤女铅笔裤女价格：429,太平鸟官方旗舰店,153,159,21,//pb89.tmall.com,,47,47,,,,,,76,40,,,,153
78,高腰牛仔裤女烟灰色高弹力显瘦长裤胖mm大码夏季九分小脚铅笔裤子价格：258,裔唐牛仔服饰,152,154,14,//shop543304648.taobao.com,86,82,82,129,139,141,152,149,150,106,117,139,138,152
79,韩版黑色牛仔裤女小脚裤高腰长裤紧身显瘦裤子超弹力修身铅笔裤价格：198,鹿女郎旗舰店,151,152,13,//lunvlang.tmall.com,73,86,86,97,105,101,107,114,117,144,110,142,142,151
80,森马破洞牛仔裤女 2017夏季新款 韩版学生磨毛修身小脚长裤裤子潮价格：199,森马官方旗舰店,150,152,27,//semir.tmall.com,21,,,96,111,31,24,27,23,26,,,,150
81,韩版秋季薄款破洞牛仔裤女九分学生高腰弹力修身小脚毛边铅笔长裤价格：128,第六屏旗舰店,149,150,19,//diliuping.tmall.com,120,74,74,104,123,81,80,99,105,98,106,116,140,149
82,牛仔短裤女春夏季高腰修身显瘦卷边竹节棉高弹力韩版新款百搭热裤价格：88,揭阳泽宏贸易有限公司,148,148,22,//shop187860957.taobao.com,1098,,,301,506,446,448,278,790,265,208,300,324,148
83,黑色牛仔裤女长裤高腰韩版学生弹力显瘦烟灰色小脚铅笔裤子 九分价格：258,尚琛旗舰店,147,147,16,//shangchenfs.tmall.com,108,122,122,64,54,70,39,61,54,59,65,81,109,147
84,牛仔裤女裤学生韩版高腰九分百搭薄款破洞松紧腰浅色夏季显瘦小脚价格：98,艾梦蝶旗舰店,147,149,17,//aimengdie.tmall.com,118,104,104,126,107,118,142,119,122,133,128,106,111,147
85,秋季韩版高腰弹力灰色牛仔裤女九分裤显瘦紧身黑色小脚铅笔裤长裤价格：128,十人久慕,147,147,17,//kwjgl.taobao.com,38,54,54,69,98,100,131,141,160,170,136,153,154,147
86,chic夏季薄款高腰牛仔裤女九分裤韩版学生紧身弹力毛边小脚铅笔裤价格：108,君芯潮流服饰店,144,145,12,//shop141450546.taobao.com,253,217,217,193,203,184,199,162,146,136,122,126,124,144
87,弹力紧身破洞七分牛仔裤女夏铅笔七分裤薄款修身小脚中裤百搭夏季价格：249,澜克利莎工厂店,143,144,27,//willtoo.taobao.com,178,172,172,147,160,165,134,173,159,142,117,141,136,143
88,2017秋季新款韩版水洗抓痕高腰织带翻边弹力紧身小脚九分牛仔裤女价格：68.5,百分着衣,141,141,8,//shop69667879.taobao.com,,,,,39,38,48,47,68,87,99,131,130,141
89,妖精的口袋B独立牛仔秋装2017新款破洞不对称牛仔裤女九分裤子价格：249,妖精的口袋旗舰店,141,141,17,//yaojingdekoudai.tmall.com,74,32,32,,27,26,28,,,,,,,141
90,高腰牛仔裤女夏2017新款韩版百搭显瘦修身小脚铅笔黑色九分裤子女价格：119,韩姿蕾旗舰店,140,140,17,//hanzilei.tmall.com,128,120,120,189,232,248,331,323,241,183,209,178,164,140
91,2017新款春夏季韩版高腰九分牛仔裤女破洞学生黑色小脚裤子显瘦潮价格：138,婕恋旗舰店,140,141,15,//jielian.tmall.com,311,883,883,144,160,154,177,146,140,152,142,181,139,140
92,太平鸟女装2017秋装新款修身显瘦毛边高腰牛仔裤女时尚百搭长裤女价格：429,太平鸟官方旗舰店,139,140,24,//pb89.tmall.com,,41,41,,,,,,,,,,,139
93,高腰牛仔裤女长裤韩版2017新款春夏季显瘦学生九分裤黑色弹力小脚价格：109,莫谷旗舰店,139,139,20,//mogufs.tmall.com,50,28,28,,,,,,,,,89,176,139
94,2017夏季薄款天丝牛仔长裤女韩范显瘦柔软舒适松紧腰学生哈伦裤女价格：119,淘季旗舰店,139,140,10,//taojifs.tmall.com,322,267,267,278,223,242,207,199,261,214,182,193,142,139
95,2017春夏季新款高腰牛仔裤女九分裤小脚长裤韩版显瘦黑色铅笔裤子价格：98,薇伦旗舰店,138,138,18,//weilun.tmall.com,160,150,150,172,174,173,183,136,164,138,149,161,151,138
96,聚ONLY早秋修身小脚紧身牛仔长裤女|116432507价格：399,ONLY官方旗舰店,137,137,23,//only.tmall.com,9,,,73,39,40,7,5,6,7,,,,137
97,高腰夏韩版外穿膝盖破洞小脚裤薄款黑打底九分毛边牛仔裤女乞丐潮价格：299,尚尚牛仔小屋,136,136,16,//shop128624263.taobao.com,154,167,167,121,162,131,165,153,162,171,155,126,145,136
98,春装高腰牛仔裤女九分裤春夏季2017新款韩版小脚显瘦铅笔长裤子女价格：168,蓉媛旗舰店,133,134,18,//rongyuan.tmall.com,97,121,121,112,143,154,132,139,113,98,106,135,119,133
99,破洞牛仔裤女黑色九分裤韩版高腰弹力显瘦学生铅笔裤灰色小脚乞丐价格：198,慢爱者旗舰店,133,133,15,//manaizhe.tmall.com,,,,48,43,55,71,94,89,98,106,132,123,133
100,夏薄款高腰牛仔裤女九分裤韩版胖mm加大码显瘦小脚女士铅笔裤子潮价格：218,劲湃牛仔,132,134,18,//shop112040151.taobao.com,66,56,56,99,103,113,125,118,112,139,112,104,146,132
101,ONLY2017夏季新品三粒扣高腰九分牛仔裤女|117249537价格：599,ONLY官方旗舰店,131,131,14,//only.tmall.com,,,,164,87,82,39,34,41,42,,,,131
102,森马浅色牛仔裤女 2017夏装新款 修身弹力小脚裤直筒水洗长裤韩版价格：159,森马官方旗舰店,128,132,13,//semir.tmall.com,88,,,387,317,142,73,92,74,69,33,27,35,128
103,【商场同款】太平鸟女装2017夏装新款基本牛仔小脚裤A4HA72969价格：299,太平鸟官方旗舰店,127,127,20,//pb89.tmall.com,,73,73,,,,,,186,107,,,,127
104,牛仔短裤女夏2017新款百搭夏薄款韩版 破洞毛边短裤女高弹力修身价格：109,婉讯旗舰店,126,126,21,//waanxxu.tmall.com,117,102,102,56,35,43,40,41,37,38,35,135,163,126
105,2017秋季高腰牛仔裤女大码长裤小脚裤松紧腰弹力修身显瘦胖mm价格：296,纯纯牛仔屋,126,128,24,//shop113661458.taobao.com,66,57,57,91,87,94,102,131,123,110,94,87,102,126
106,古西亚秋季2017新款破洞牛仔裤女长裤韩版高腰黑色牛仔裤女小脚裤价格：188,古西亚旗舰店,125,125,15,//guxiya.tmall.com,70,68,68,69,73,97,122,102,108,96,82,110,86,125
107,杨幂明星同款王子文破洞牛仔裤女夏九分裤ulzzang裤子女小脚裤秋价格：168,南都之美,123,123,10,//nandouzhimei.taobao.com,46,41,41,56,78,61,69,77,97,69,69,99,123,123
108,女牛仔裤九分裤春夏季2017新款韩版百搭修身小脚裤黑色显瘦长裤女价格：64,三藏牛仔,123,123,19,//shop115085299.taobao.com,125,130,130,129,134,133,134,146,164,127,116,128,123,123
109,【8.8新品  9折+包邮】丢丢韩版腰部洞眼小脚牛仔裤价格：129,DIUDIU ROOM 丢丢定制,123,123,25,//honey-diudiu.taobao.com,,,,,,,,,,,,,,123
110,D家修身显瘦牛仔裤小脚裤纯色九分裤子女减龄铅笔裤2017秋装新款价格：299,d服饰旗舰店,123,123,56,//dfushi.tmall.com,,,,,,,,,,,,,,123
111,夏季女装韩国复古烟灰色牛仔裤破洞弹力毛边小脚裤高腰显瘦九分裤价格：35.98,试衣间SYJ,120,120,13,//syj168.taobao.com,87,93,93,85,110,118,112,109,141,85,84,79,101,120
112,黑色牛仔裤女春夏2017新款韩版薄款九分裤修身显瘦百搭小脚铅笔裤价格：79,初牛旗舰店,120,121,20,//chuniu.tmall.com,,,,,,,,,40,57,46,78,97,120
113,黑色牛仔裤女夏九分裤韩版高腰破洞显瘦黑学生修身薄小脚铅笔弹力价格：188,ab服饰旗舰店,117,117,19,//abfs.tmall.com,,,,,,,,34,50,72,89,112,147,117
114,高腰牛仔裤女九分裤2017春夏季韩版显瘦打底小脚铅笔长裤子牛仔裤价格：366,尚谷之鹿旗舰店,117,117,18,//shangguzhilu.tmall.com,44,,,,,18,88,73,79,22,,,,117
115,太平鸟女装2017秋装新款修身锥形高腰牛仔裤女时尚百搭长裤铅笔裤价格：399,太平鸟官方旗舰店,117,117,31,//pb89.tmall.com,,,,,,,,,,,,,,117
116,高腰显瘦秋季牛仔裤女士长裤小脚裤2017秋装新款韩版修身裤子女夏价格：208,前途旗舰店,114,114,21,//qiantu.tmall.com,37,37,37,58,72,52,84,88,89,73,93,103,98,114
117,汉森鸟秋冬高腰加绒牛仔裤女长裤冬显瘦加厚女裤保暖小脚铅笔裤子价格：108,佑帅服饰专营店,112,112,15,//youshuaifs.tmall.com,45,36,36,69,55,46,76,73,91,81,89,97,88,112
118,夏季新款2017韩版港味裤子弹力修身牛仔裤女显瘦小脚裤学生九分裤价格：35.88,试衣间SYJ,112,113,20,//syj168.taobao.com,73,94,94,117,100,101,120,108,111,117,100,108,123,112
119,破洞牛仔裤女九分裤2017秋装新款高腰显瘦韩版学生小脚铅笔裤子潮价格：128,缦纯,111,111,12,//manchunfs.taobao.com,,25,25,29,44,33,68,43,78,61,61,65,81,111
120,3710 秋季新款韩版毛边破洞不规则牛仔裤女高弹力修身小脚裤潮价格：22.99,第六神话华玉美衣女装成衣性价比之王外贸批发零售,111,133,22,//thesixthmyths.taobao.com,,,,,,,,,,,,,,111
121,ONLY夏季新品修身小脚低腰九分牛仔裤女|117149522价格：399,ONLY官方旗舰店,110,110,19,//only.tmall.com,22,,,124,70,56,38,34,30,31,,,,110
122,CBC春夏薄款超高弹力深蓝色牛仔裤女士小脚紧身铅笔裤长裤九分裤价格：338,cobcbc服饰旗舰店,110,110,17,//cobcbc.tmall.com,63,76,76,90,81,76,80,112,87,97,71,79,83,110
123,【天天特价】夏季款牛仔短裤女夏薄韩版高腰显瘦卷边大码百搭弹力价格：108,不凡地带 时尚牛仔,109,115,23,//xiahailong12.taobao.com,161,143,143,170,133,130,107,137,121,128,110,144,105,109
124,高腰牛仔裤女九分裤夏装2017春夏季新款黑色显瘦小脚长裤铅笔裤子价格：89,潮浠阁,108,108,19,//shop117371342.taobao.com,33,32,32,43,63,51,61,57,57,61,77,69,82,108
125,娅丽达高腰牛仔裤女2017秋季新款小脚长裤时尚弹力女裤铅笔裤显瘦价格：189,yerad娅丽达服饰旗舰店,107,110,59,//yerad.tmall.com,,,,,,,,,,,,,,107
126,牛仔裤女九分裤春夏季2017新款学生韩版秋装小脚紧身铅笔裤长裤子价格：159,左街右巷女裤  微时尚,107,109,16,//haochongchangzai.taobao.com,,,,,28,,59,77,84,88,76,77,68,107
127,VeroModa2017春季新款纽扣高腰修身长裤牛仔裤女|317132525价格：499,veromoda官方旗舰店,106,107,16,//veromoda.tmall.com,,,,,,,77,23,40,,,,,106
128,伊芙丽2017春秋新款韩版原宿风裤子女黑色港味打底裤直筒牛仔裤女价格：598,伊芙丽官方旗舰,105,105,17,//eifini.tmall.com,,,,,,,125,,,,,,,105
129,高腰牛仔裤女春夏韩版小脚九分裤2017秋新款打底裤显瘦黑色铅笔裤价格：148,小青青定制,104,104,35,//shop61516732.taobao.com,,,,,,,,,41,59,81,102,103,104
130,显瘦秋装新款百搭高腰牛仔裤秋季小脚长裤女裤子2017学生潮韩版夏价格：99,音棉旗舰店,104,104,16,//yinmian.tmall.com,70,67,67,75,91,110,73,84,93,97,108,98,111,104
131,2017秋季弹力高腰牛仔裤女深色紧身小脚裤长裤大码修身女裤春秋潮价格：138,澜克利莎旗舰店,104,105,23,//lankelisha.tmall.com,64,63,63,87,63,94,87,98,104,78,73,100,105,104
132,黑色高腰显瘦女士牛仔裤女夏2017新款韩版百搭铅笔小脚裤九分裤子价格：138,开阔服饰旗舰店,103,103,18,//kaikuo.tmall.com,25,27,27,48,51,48,42,44,,41,40,51,80,103
133,牛仔裤女高腰九分小脚裤弹力显瘦2017新款百搭学生铅笔长裤子大码价格：268,媚倍儿旗舰店,103,103,20,//meibeier.tmall.com,,,,28,,,39,60,87,91,72,86,111,103
134,自制夏季个性牛仔裤2017韩国百搭阔腿裤女高腰基础休闲裤翻边长裤价格：79.9,馨帮帮sinbounboun,103,104,12,//sinbounboun.taobao.com,,,,,,,,,,,,,,103
135,2017秋冬季弹力中腰九分牛仔裤女深色紧身小脚裤长裤大码修身最新价格：68,苏安丽t旗店,103,103,76,//shop115692071.taobao.com,39,52,52,,,,,,,,23,33,56,103
136,高腰牛仔裤女2017秋新款弹力显瘦九分裤烟灰色小脚铅笔长裤韩版潮价格：39.9,liujunzhanlan,102,103,29,//baiyulan.taobao.com,,,,,,,,,37,26,36,49,77,102
137,韩版高腰牛仔裤女小脚长裤2017新款学生九分裤弹力修身显瘦铅笔裤价格：198,北艾旗舰店,102,118,42,//beiainz.tmall.com,,,,,,,,,,,,,40,102
138,春夏季新款牛仔裤女女式高腰小脚韩版显瘦中学生松紧腰带加长裤子价格：98,好酷风好牛仔,102,104,15,//yyc8888.taobao.com,59,59,59,107,99,79,103,86,85,78,113,98,92,102
139,春季韩国显瘦紧身烟灰色膝盖破洞牛仔裤女铅笔裤做旧小脚裤九分裤价格：138,艾恺铭原创,101,101,16,//zhouxiaoqi168.taobao.com,46,41,41,75,51,49,84,70,65,61,84,70,70,101
140,复古港味修身显瘦膝盖破洞牛仔裤女九分裤弹力百搭小脚裤铅笔裤子价格：39,港妹潮人馆,101,101,17,//bazhaoyi.taobao.com,97,80,80,89,98,82,104,98,98,95,66,94,87,101
141,海熙2017夏款薄款磨破高腰牛仔短裤女韩版破洞阔腿宽松显瘦热裤潮价格：155,海熙旗舰店,100,100,15,//haixi.tmall.com,,2871,2871,1343,440,160,14,,,1597,861,943,223,100
142,拉贝缇2017夏装新款高腰简约休闲牛仔裤丹宁小脚裤女九分裤价格：199,lababite官方旗舰店,100,103,14,//lababite.tmall.com,141,62,62,,,,,154,,,,,210,100
143,森马直筒牛仔裤女 2017夏季新款 学生弹力韩版时尚修身小脚八分裤价格：199,森马官方旗舰店,100,103,21,//semir.tmall.com,26,,,106,82,31,,,,,,,,100
144,【8.8新品  9折+包邮】丢丢韩版黑色脚口毛边小脚裤价格：135,DIUDIU ROOM 丢丢定制,99,99,24,//honey-diudiu.taobao.com,,,,,,,,,,,,,,99
145,牛仔裤女春夏季修身显瘦韩版紧身弹力高腰收腹学生铅笔百搭长裤子价格：98,揭阳泽宏贸易有限公司,99,99,14,//shop187860957.taobao.com,,,,,,,,,,,,,,99
146,牛仔短裤女夏季2017新款韩版百搭弹力磨破洞显瘦学生毛边热裤子潮价格：168,怜雪服饰旗舰店,97,97,26,//lianxuefs.tmall.com,127,110,110,98,114,89,102,96,93,97,126,93,109,97
147,菲己2017秋黑色修身开叉九分裤学生韩版显瘦流苏牛仔裤女紧身小脚价格：189,菲己旗舰店,97,97,34,//feijitz.tmall.com,,,,,,,,,,,,,,97
148,2017新款夏季女士牛仔短裤韩版少女宽松白色热裤破洞百搭松紧外穿价格：168,婕恋旗舰店,97,97,20,//jielian.tmall.com,1104,2721,2721,138,172,159,136,96,111,100,69,101,117,97
149,2017新款破洞牛仔裤女夏季韩版小脚显瘦百搭九分裤黑色学生长裤子价格：168,靡格旗舰店,97,97,20,//migenz.tmall.com,35,44,44,,26,25,27,,,,28,69,59,97
150,弹力修身高腰牛仔裤女大码胖mm小脚长裤秋季黑色铅笔裤春秋薄款潮价格：96,澜克利莎旗舰店,97,97,23,//lankelisha.tmall.com,79,73,73,96,102,63,112,94,74,84,75,97,101,97
151,渔网破洞烂牛仔裤女夏九分裤秋季韩版显瘦小脚裤子2017秋装新款潮价格：99,恋人心服饰旗舰店,96,96,18,//lianrenxinfs.tmall.com,101,96,96,110,106,101,95,104,96,93,102,86,76,96
152,Alice&amp;amp;W  破洞牛仔裤女长裤春夏季2017新款修身小脚裤铅笔裤价格：232,Alice wang潮流女装,95,97,16,//huahua868.taobao.com,60,55,55,65,82,66,57,75,48,68,54,47,38,95
153,2017夏秋新款九分牛仔裤女高腰黑色紧身显瘦小脚裤简约修身长裤子价格：49.9,胶己人的女装店,94,94,17,//shop113363827.taobao.com,,,,,,39,73,69,,70,51,72,97,94
154,谜团秋装牛仔裤女夏2017新款九分裤韩版薄款显瘦紧身小脚铅笔裤潮价格：199,谜团旗舰店,94,94,12,//mituan.tmall.com,141,139,139,111,103,105,132,143,155,146,135,144,149,94
155,3712 秋季新款韩版网格毛边破洞牛仔裤女高弹力开衩修身小脚裤潮价格：22.99,第六神话华玉美衣女装成衣性价比之王外贸批发零售,93,104,25,//thesixthmyths.taobao.com,,,,,,,,,,,,,,93
156,春夏季韩版高腰烂牛仔裤女破洞宽松显瘦九分裤女装乞丐小脚裤子潮价格：158,冬月L兮,92,92,20,//shop108206730.taobao.com,150,124,124,84,170,174,162,159,184,151,109,110,66,92
157,2017新款高腰牛仔裤女长裤收腹修身显瘦弹力松紧腰大码排扣小脚裤价格：128,媛范旗舰店,92,92,19,//yuanfannz.tmall.com,29,30,30,32,53,47,44,56,72,42,63,77,79,92
158,天天特价春季高腰牛仔裤女九分裤显瘦紧身蓝色弹力修身小脚铅笔裤价格：199,衣艺社日韩女装,92,92,14,//yiyisherihan.taobao.com,81,55,55,56,73,60,70,68,66,52,66,80,78,92
159,黑色高腰修身九分裤流苏毛边紧身铅笔小脚牛仔裤女夏2017新款长裤价格：118,smbath旗舰店,92,92,13,//smbath.tmall.com,,,,,,,,,,29,30,42,55,92
160,夏装女装新款韩版百搭修身牛仔裤高腰显瘦铅笔裤九分裤长裤小脚裤价格：39.98,可可里小姐,92,92,14,//misskkl.taobao.com,67,68,68,70,61,72,81,82,102,76,73,96,83,92
161,2017新款七分牛仔裤女小脚修身弹力高腰薄款中裤翻边百搭马裤女夏价格：299,柔伊美旗舰店,91,92,26,//rouyimei.tmall.com,246,192,192,86,104,71,71,72,62,91,90,108,100,91
162,黑色膝盖破洞牛仔裤女九分裤夏薄款韩版高腰显瘦不规则紧身小脚裤价格：128,GAG红人馆,91,92,21,//shop107223039.taobao.com,108,87,87,123,113,125,101,125,113,87,83,83,77,91
163,◆MUGU蘑菇◆破洞黑色牛仔裤女夏九分小脚弹力百搭高腰修身显瘦价格：142,MUGU STUDIO 蘑菇定制,91,91,11,//mugu520.taobao.com,,,,,,,,,,,,,53,91
164,森马牛仔裤女2017秋季新款韩版显瘦九分裤修身小脚裤bf风学生裤子价格：199,森马官方旗舰店,91,91,27,//semir.tmall.com,,,,49,42,,,,,,,,,91
165,CBC2017新款超高弹力夏季牛仔短裤女深蓝色卷边韩版修身显瘦热裤价格：218,cobcbc服饰旗舰店,91,91,21,//cobcbc.tmall.com,113,78,78,81,58,89,79,89,74,58,72,98,98,91
166,高腰黑色膝盖破洞牛仔裤女夏烂毛边韩版显瘦紧身小脚铅笔九分裤潮价格：299,Jeans 女装,90,90,18,//shop121404425.taobao.com,,,,,,,30,51,51,51,54,67,74,90
167,17年春新做旧破洞乞丐牛仔裤女九分韩国高腰显瘦毛边小脚铅笔裤价格：198,漫步美库,90,91,10,//shop36429499.taobao.com,68,52,52,74,79,71,81,108,117,101,93,87,104,90
168,2017韩国高腰弹力牛仔裤女夏破洞修身毛边铅笔裤小脚九分裤浅蓝色价格：298,h荷,90,90,22,//weibo99.taobao.com,49,55,55,62,70,65,72,51,55,47,73,63,60,90
169,韩版烟灰色九分牛仔裤女显瘦黑色小脚裤高腰学生紧身弹力铅笔长裤价格：198,韩潮牛仔形象店,88,89,21,//shop150507029.taobao.com,,29,29,53,59,62,48,61,50,73,82,85,68,88
170,收腹牛仔短裤女夏高腰卷边显瘦排扣弹力新款牛仔裤浅色夏天性感潮价格：88,澜克利莎旗舰店,87,87,31,//lankelisha.tmall.com,104,85,85,79,80,105,99,97,69,115,80,98,72,87
171,牛仔裤女春夏季2017新款潮韩版高腰长裤黑色显瘦九分小脚裤铅笔裤价格：149,亦唯旗舰店,87,92,19,//yiweinz.tmall.com,,,,,,19,22,23,38,34,28,24,50,87
172,黑色高腰牛仔裤女九分裤春夏秋季2017新款韩版学生小脚铅笔长裤子价格：98,爱斯麦乐驹专卖店,86,87,17,//aisimylj.tmall.com,,,,,,,,,27,29,31,50,65,86
173,春夏薄款九分牛仔裤女 韩版高腰白色9分裤子 修身弹力小脚铅笔裤价格：118,百搭柚子小清新美衣YY,86,87,20,//shop100638665.taobao.com,55,47,47,81,83,74,92,76,75,77,57,83,89,86
174,秋装新款韩版修身显瘦毛边高腰牛仔裤女百搭弹力小脚铅笔裤长裤潮价格：39,港妹潮人馆,86,86,17,//bazhaoyi.taobao.com,38,27,27,37,48,38,59,69,68,64,74,72,73,86
175,破洞牛仔裤女春夏季2017新款韩版修身学生百搭高腰九分裤小脚长裤价格：37,小宅女大购物 xiaozhainv 小宅女家 xiao zhai nv,85,94,20,//zhainvjia.taobao.com,44,55,55,49,50,51,54,63,56,71,61,56,68,85
176,高腰牛仔裤女开叉九分裤2017秋季新款韩版显瘦蓝色百搭直筒铅笔裤价格：89,张小某,85,86,58,//shop323115517.taobao.com,,,,,,,,,,,,,,85
177,2017夏季薄款牛仔裤女九分裤修身显瘦弹力浅色破洞裤韩版小脚裤子价格：118,金善惠旗舰店,85,86,14,//jinshanhui.tmall.com,44,35,35,49,59,69,76,73,60,71,62,81,93,85
178,ONLY2017夏新男友风宽松做旧九分牛仔裤女|117149553价格：399,ONLY官方旗舰店,85,85,21,//only.tmall.com,13,,,80,29,36,22,14,23,27,,,,85
179,高腰牛仔裤女夏2017新款韩版秋季大码显瘦紧身个性开叉小脚九分裤价格：118,日韩女装潮依阁,85,85,50,//shop107327651.taobao.com,,,,,,,,,,,,,51,85
180,女士秋季新款裤子女潮显瘦秋装女2017韩版修身春夏季百搭牛仔长裤价格：79,音棉旗舰店,85,85,17,//yinmian.tmall.com,39,22,22,51,46,42,47,65,53,39,73,70,63,85
181,春夏季烟灰色牛仔裤女显瘦长裤子韩版弹力修身小脚裤潮高腰铅笔裤价格：109,莎伶旗舰店,85,86,16,//shalingnz.tmall.com,58,61,61,49,33,43,41,46,66,72,86,67,98,85
182,七分牛仔裤女夏季2017新款高腰韩版短裤百搭显瘦学生薄款7分裤子价格：198,fxdis旗舰店,84,84,40,//fxdis.tmall.com,,,,,,,21,42,74,92,125,143,134,84
183,高腰九分裤女2017春夏季新款学生韩版bf风宽松哈伦直筒牛仔裤子秋价格：298,爵巧旗舰店,84,84,68,//jueqiao.tmall.com,,,,,,,,,,,,,42,84
184,【8.8秋季新品 包邮+95折】黑色破洞牛仔裤女长裤高腰显瘦小脚裤价格：98,孙小念sue STUDIO,84,84,15,//sue822.taobao.com,,,,,,,,,,,,,,84
185,夏季薄款复古高腰膝盖破洞牛仔裤女九分裤紧身显瘦弹力小脚铅笔裤价格：108,赫度旗舰店,83,83,16,//hedunz.tmall.com,43,41,41,33,36,23,30,31,,28,51,48,73,83
186,牛仔短裤女夏2017新款高腰显瘦超短裤韩版学生百搭宽松胖mm热裤潮价格：189,韩风快时女装,83,83,35,//164495170.taobao.com,293,384,384,184,221,164,177,154,132,89,89,99,68,83
187,破洞牛仔裤女春夏季2017新款韩版显瘦九分裤瘦腿裤女外穿铅笔裤潮价格：98,爱惹美官方店,83,83,26,//shop112822766.taobao.com,84,74,74,102,127,90,116,150,108,113,81,102,84,83
188,打底裤女春夏季2017新款高腰排扣韩版显瘦学生薄款小脚裤外穿长裤价格：198,猫蔻旗舰店,82,82,28,//maokou.tmall.com,,,,,,,,,,,,,,82
189,MISS FLY 2017夏季新款女韩版重工钉珠开叉牛仔喇叭裤修身九分裤价格：178,MISS FLY飞姐定制,82,82,12,//fly-style.taobao.com,113,105,105,90,98,92,91,95,79,73,67,85,77,82
190,2017春夏新款破洞牛仔裤女韩版高腰显瘦九分裤女小脚裤女黑色裤子价格：168,attainluxury奢臻旗舰店,82,82,19,//shezhen.tmall.com,30,32,32,31,35,38,60,48,51,79,57,74,78,82
191,Vero Moda2017春季新品修身小脚划破九分牛仔裤|317149507价格：449,veromoda官方旗舰店,82,82,18,//veromoda.tmall.com,5,12,12,,,,54,27,16,7,,,,82
192,韩版新款牛仔短裤女夏季弹力显瘦2017薄款学生破洞短裤修身热裤潮价格：85,《韩美》,82,82,33,//shop112753329.taobao.com,206,178,178,152,149,163,123,113,133,114,95,114,82,82
193,欧洲站2017新款个性弹力破洞牛仔裤女九分裤修身小脚裤女士破洞裤价格：59.9,依园美高端定制,81,81,16,//shop556302403.taobao.com,26,36,36,48,57,56,67,65,90,67,84,75,96,81
194,2017新款夏季薄款韩国高腰牛仔裤女九分裤修身显瘦弹力小脚铅笔裤价格：128,灿莉娅旗舰店,81,81,13,//canliya.tmall.com,79,82,82,83,111,101,109,99,90,74,78,78,88,81
195,牛仔九分裤女高弹显瘦显高修身铅笔裤小脚破洞夏季韩版潮百搭裤子价格：120,揭阳泽宏贸易有限公司,81,81,17,//shop187860957.taobao.com,,,,,,,,401,202,33,,,102,81
196,夏季韩版百搭复古chic破洞牛仔裤修身显瘦弹力撕边小脚裤铅笔裤女价格：40,枯米枯米kumi,80,80,17,//kukumi.taobao.com,163,139,139,85,99,77,97,123,106,94,89,70,65,80
197,OSA欧莎2017秋装新款女装白色破洞修身牛仔裤显瘦直筒裤女C53012价格：229,osa品牌服饰旗舰店,80,80,31,//osa.tmall.com,,,,,,,55,,,,,,,80
198,2017黑色新款破洞牛仔裤女春季韩版九分裤学生铅笔裤女高腰小脚裤价格：98,十翼旗舰店,80,80,23,//tenflank.tmall.com,244,203,203,118,108,98,109,92,87,123,85,102,71,80
199,牛仔裤女九分裤春夏季2017新款高腰显瘦不规则毛边膝盖破洞小脚裤价格：168,WH 韩版原创定制,80,81,15,//shop117245319.taobao.com,120,109,109,91,153,127,115,132,97,101,89,89,72,80
200,破洞牛仔裤女春夏季2017新款时尚九分裤韩版薄款显瘦高腰百搭小脚价格：128,锦衣玉行工厂直销店,79,79,18,//shop100062567.taobao.com,23,29,29,69,127,131,119,168,149,76,57,64,63,79
201,烟灰色高腰牛仔裤女夏长裤紧身小脚裤2017秋装新款女韩版黑色裤子价格：149,欧选昕罗专卖店,79,80,22,//ouxuanxl.tmall.com,37,31,31,22,23,31,30,35,45,46,63,65,77,79
202,束脚哈伦裤牛仔长裤女春夏季2017新款宽松韩版高腰学生松紧腰秋装价格：99,梦希曼旗舰店,79,79,17,//mengximan.tmall.com,33,40,40,57,53,44,44,72,41,50,49,76,48,79
203,momo高腰弹力牛仔裤小脚裤九分裤毛边修身显瘦四季百搭韩版女装潮价格：79,佰丽坊时尚馆,79,79,11,//bestfun123.taobao.com,64,62,62,47,49,52,67,74,55,60,77,68,82,79
204,2017秋装新款修身显瘦黑色磨破洞牛仔裤韩版百搭铅笔长裤女学生潮价格：31.8,转角1号精品女装店,78,78,15,//zhuanjiaoyihao.taobao.com,74,71,71,76,70,66,81,78,74,58,69,82,70,78
205,【今天特价】2017韩国新款高腰紧身牛仔裤女春夏显瘦铅笔裤高弹性价格：298,h荷,78,78,24,//weibo99.taobao.com,80,53,53,62,76,57,51,72,62,70,62,64,55,78
206,2017新款牛仔裤七分裤女夏春季破洞薄款小脚韩版7分牛仔马裤中裤价格：109,百度衣裳,77,78,22,//shop141337092.taobao.com,117,91,91,90,89,104,76,92,223,188,79,86,80,77
207,牛仔裤女九分显瘦韩版秋季紧身小脚铅笔女裤春夏季2017新款长裤潮价格：79,絮述旗舰店,75,75,12,//xushu.tmall.com,69,63,63,68,86,66,67,70,66,60,66,63,76,75
208,新款高腰黑色显瘦卷边牛仔裤女韩版春夏季百搭女士九分铅笔小脚裤价格：110,幸运潮流店,75,77,27,//shop129493928.taobao.com,,,,,,,,,,,,28,45,75
209,爱&amp;middot;弗艾高腰牛仔短裤女夏卷边弹力胖MM阔腿短裤热裤学生修身显瘦价格：128,爱弗艾旗舰店,74,74,29,//aifuai.tmall.com,74,82,82,64,52,46,41,50,46,70,64,110,88,74
210,chic新款韩版学生高腰牛仔裤女九分裤百搭显瘦弹力修身小脚铅笔裤价格：108,君芯潮流服饰店,74,74,15,//shop141450546.taobao.com,,,,33,28,42,58,66,61,67,59,59,66,74
211,春夏新款高腰牛仔裤女九分裤2017显瘦韩版小脚学生高弹力铅笔裤子价格：198,绒懿旗舰店,74,75,23,//rongyinvzhuang.tmall.com,82,55,55,76,58,61,58,68,69,69,91,90,88,74
212,薄款牛仔裤女高腰七分裤弹力小脚裤大码松紧腰铅笔裤休闲哈伦中裤价格：198,欧晓女裤官方店,74,75,27,//cocopark2018.taobao.com,150,105,105,82,106,86,98,79,83,75,63,86,93,74
213,弹力牛仔裤女九分裤夏修身黑色小脚韩版高腰铅笔裤女201新款长裤价格：258,尚琛旗舰店,73,76,29,//shangchenfs.tmall.com,,,,,,32,47,54,54,43,60,44,65,73
214,牛仔裤女夏秋季2017新款韩版学生高腰显瘦九分裤修身小脚铅笔裤女价格：188,珂索菲旗舰店,73,73,21,//kesuofei.tmall.com,,,,47,40,,,,,,,,101,73
215,2017韩版弹力修身显瘦牛仔裤女高腰小脚裤学生铅笔裤紧身长裤黑色价格：33.8,月牙城,73,74,19,//yueyacheng.taobao.com,39,39,39,37,36,52,52,59,70,47,44,61,44,73
216,黑色牛仔裤女夏九分裤长裤小脚裤显瘦紧身韩版2017秋季新款铅笔裤价格：109,乐誉服饰专营店,72,72,21,//leyufs.tmall.com,39,51,51,47,95,96,84,96,90,105,69,117,88,72
217,破洞牛仔裤女弹力九分小脚裤2017夏季新款韩版高腰修身显瘦裤子潮价格：126,东门女装衣柜,72,72,20,//shop125537505.taobao.com,,,,,,,,,,,,40,46,72
218,韩版春夏季新款牛仔裤女长裤高腰九分小脚弹力黑色显瘦学生铅笔裤价格：198,依站到底旗舰店,72,73,31,//yizhandaodi.tmall.com,45,39,39,33,43,50,49,39,56,51,47,47,54,72
219,七分牛仔裤女春夏季2017新款7分学生弹力修身破洞小脚中马裤薄款价格：98,荷q旗舰店,72,72,25,//hetinz.tmall.com,56,55,55,76,86,61,60,66,66,51,63,54,50,72
220,2017秋季新款裤子 韩版破洞牛仔裤女修身弹力铅笔裤长裤小脚裤潮价格：109,果果家  GG WOMEN女装潮店周一上新,72,73,18,//i-guoguo.taobao.com,,,,,,,,,,,,,163,72
221,高腰牛仔裤女春夏季2017新款九分小脚裤长裤韩版修身显瘦铅笔裤子价格：89,多美猫旗舰店,71,72,73,//duomeimao.tmall.com,,,,,,,,,,,20,32,50,71
222,商场同款诗凡黎2017秋装新款裤子小脚裤百搭破洞烂牛仔裤女九分裤价格：598,诗凡黎官方旗舰店,71,71,27,//seifini.tmall.com,,,,,,,,,,,,,,71
223,夏季女装九分牛仔裤女修身小脚裤女士弹力高腰显瘦长裤女学生裤潮价格：69,忆馨文艺女装店,71,72,20,//shop103344414.taobao.com,97,69,69,71,83,86,73,77,43,38,62,67,75,71
224,黑色牛仔裤女九分裤春夏季2017新款韩版裤子显瘦秋装小脚裤铅笔裤价格：159,卡仑奴旗舰店,71,75,17,//kalunnu.tmall.com,,,,,,,,,,,25,32,47,71
225,韩版春夏新款牛仔裤女显瘦修身弹力铅笔裤中腰紧身小脚九分裤2017价格：29,便宜有好货牛仔,70,71,22,//shop113879854.taobao.com,,,,,,,,,,36,,37,49,70
226,牛仔裤女高弹力破洞新款高腰显瘦韩版百搭九分铅笔小脚长裤毛边价格：198,韦纳尔旗舰店,70,70,31,//viounar.tmall.com,,,,,,,,,,,,,,70
227,长裤牛仔裤2017春夏季新款九分裤女韩版秋装女百搭显瘦修身女裤子价格：79,音棉旗舰店,69,70,17,//yinmian.tmall.com,35,32,32,57,54,52,72,61,38,61,62,49,75,69
228,牛仔裤女士长裤 秋装2017新款弹力修身显瘦韩版学生小脚铅笔裤夏价格：228,公A殿下旗舰店,69,69,22,//gongzhudianxia.tmall.com,74,63,63,65,83,62,70,76,75,93,69,73,73,69
229,2017春秋款破洞牛仔裤女九分裤弹力紧身小脚裤韩版学生显瘦铅笔裤价格：108,粤潮旗舰店,69,69,19,//yuechao.tmall.com,30,31,31,29,45,32,43,26,30,26,37,31,44,69
230,牛仔裤女黑色长裤高腰显瘦秋季2017秋装新款女学生韩版小脚裤子潮价格：79,萌路旗舰店,69,69,19,//menglufs.tmall.com,52,51,51,55,48,57,64,86,74,81,75,63,79,69
231,天天特价欧洲站紧身破洞牛仔裤女刺绣潮流补丁铅笔裤显瘦小脚长裤价格：180,小马奔腾品质牛仔,69,69,18,//shop115893988.taobao.com,,,,,,,,,24,66,59,69,62,69
232,尚驭牛仔短裤女夏中腰宽松大码破洞学生显瘦卷边直筒牛仔裤女热裤价格：158,尚驭服饰旗舰店,69,69,19,//whshangyu.tmall.com,132,126,126,115,106,103,111,89,103,80,101,90,87,69
233,破洞牛仔裤女九分裤2017夏季新款高腰显瘦紧身弹力毛边小脚铅笔裤价格：138,蒙奴莎官方店,68,68,15,//mengnusha.taobao.com,51,48,48,39,47,44,43,63,48,54,35,43,33,68
234,显瘦牛仔裤女九分裤小脚裤2017春夏季新款铅笔裤长裤刺绣女裤子秋价格：129,艾妃尼思服饰旗舰店,68,68,20,//aifeinisi.tmall.com,,,,,,,,,,29,25,36,40,68
235,秋季新款黑色高腰膝盖破洞牛仔裤女九分裤紧身显瘦毛边9分小脚裤价格：128,BANANA原创牛仔设计,68,68,22,//shop127330067.taobao.com,,,,,,,,,40,42,41,61,74,68
236,七分牛仔裤女夏季薄款弹力显瘦小脚大码破洞马裤五分中裤学生短裤价格：99,娜馨旗舰店,67,67,21,//naxinfs.tmall.com,87,87,87,103,87,102,74,81,96,82,86,78,81,67
237,牛仔裤高腰2017新款春夏季九分显瘦学生韩版铅笔女士弹力小脚长裤价格：100,雅羊人旗舰店,67,68,26,//yayangren.tmall.com,,,,,,,,,39,41,33,54,53,67
238,黑色膝盖大破洞显瘦修身弹力高腰小脚铅笔九分牛仔裤女9分乞丐夏价格：69,92淘吧,67,69,20,//92taoba.taobao.com,56,42,42,40,50,34,38,48,41,40,38,62,62,67
239,2017秋夏季新款黑色膝盖破洞九分牛仔裤女韩版修身显瘦小脚长裤子价格：109,韩国范 沫儿时尚女装,66,68,19,//shop114189449.taobao.com,,,,24,34,34,48,47,43,56,66,82,80,66
240,高腰牛仔裤女2017春夏季秋季新款韩版女裤薄款长裤显瘦小脚铅笔裤价格：178,rky旗舰店,66,66,21,//rkynz.tmall.com,64,57,57,114,64,48,71,50,65,52,64,61,60,66
241,高腰牛仔裤女九分裤夏季薄款2017新款显瘦小脚长裤胖mm大码铅笔裤价格：168,尚大优品,66,66,21,//shop314615714.taobao.com,41,40,40,49,59,49,77,76,74,46,62,54,42,66
242,高腰弹力九分牛仔裤女秋夏季新款韩版学生修身显瘦小脚铅笔长裤子价格：74,第四十九天 49t,65,65,20,//shop136501012.taobao.com,,,,,,,50,57,52,60,58,84,76,65
243,牛仔七分裤女夏2017新款 薄款高腰松紧腰显瘦大码胖mm中裤五分裤价格：139,琳宛旗舰店,65,65,18,//linwan.tmall.com,82,88,88,86,98,88,80,92,96,88,56,80,83,65
244,2017夏季新款白色破洞牛仔女修身显瘦弹力紧身休闲大码外穿短裤子价格：89,妙曼伊菲儿,65,66,21,//shop128354197.taobao.com,205,191,191,154,154,155,178,161,139,98,108,115,74,65
245,尚驭牛仔裤女铅笔裤2017秋季新款弹力修身显瘦破洞紧身小脚裤长裤价格：328,尚驭服饰旗舰店,65,65,15,//whshangyu.tmall.com,52,62,62,70,67,67,71,72,68,57,64,49,63,65
246,高腰流苏牛仔裤女九分裤秋装春夏季2017新款韩版百搭显瘦小脚长裤价格：118,心计划旗舰店,65,65,13,//xinjihua.tmall.com,52,37,37,49,36,63,43,52,45,51,57,76,66,65
247,买一送一高腰牛仔短裤女2017新款春季韩版显瘦百搭学生超短裤女夏价格：79,皇朝御纺旗舰店,64,64,31,//huangchaoyufang.tmall.com,340,252,252,381,403,346,425,358,389,319,288,137,107,64
248,买一送一  秋季新品高腰弹力小脚裤价格：99,斯酷服饰,64,64,19,//shop144773796.taobao.com,,,,,,,,,,,,,,64
249,韩版女装包脚拉毛破洞水洗牛仔裤女修身显瘦紧身铅笔裤九分裤子潮价格：29.9,月牙城,64,64,16,//yueyacheng.taobao.com,44,31,31,35,40,39,44,68,50,65,65,63,71,64
250,牛仔裤女七分裤夏季韩版显瘦7分裤薄款中裤大码热裤2017新款女裤价格：198,娇宣尼旗舰店,63,63,21,//jiaoxuanni.tmall.com,82,83,83,41,28,49,42,45,36,31,42,63,70,63
251,俞兆林高腰牛仔七分裤女夏新款小脚铅笔裤薄7分牛仔裤女中裤潮价格：118,曼岛服饰专营店,63,64,38,//mandaofs.tmall.com,35,42,42,32,10,35,15,41,42,25,42,41,39,63
252,2017新款松紧腰牛仔短裤女夏韩版高腰薄款毛边热裤修身显瘦翻边裤价格：258,艾酷佳人女装品牌店,63,66,40,//ak788.taobao.com,212,189,189,174,211,186,127,139,131,93,87,100,62,63
253,2017韩版新款高腰修身显瘦弹力小脚裤九分裤毛边铅笔女秋季牛仔裤价格：298,h荷,63,64,21,//weibo99.taobao.com,,,,,,,,36,,,30,45,55,63
254,ONLY夏新磨破毛边小脚九分牛仔裤女|117249517价格：549,ONLY官方旗舰店,63,63,15,//only.tmall.com,20,19,19,52,33,31,13,24,18,32,17,15,11,63
255,2017春季新款烟灰色百搭破洞牛仔裤女韩版小脚高腰九分裤学生潮秋价格：118,匹克玛旗舰店,63,63,15,//pikema.tmall.com,55,62,62,43,58,47,52,46,50,49,35,59,69,63
256,2017明星同款高腰黑色紧身牛仔裤女九分毛边开叉小脚裤显瘦韩版潮价格：89,依沐蓝旗舰店,62,62,21,//yimulan.tmall.com,,,,,,,,,,27,51,40,39,62
257,高腰烟灰色牛仔裤女夏小脚修身铅笔潮流薄款bf风紧身黑色九分裤子价格：128,晶彩日韩女装,62,62,80,//shop224859407.taobao.com,,,,,,,,,,,40,60,63,62
258,大码高腰薄款牛仔裤女夏宽松九分裤弹力显瘦女士胖mm潮长裤200斤价格：99,GO酷时尚牛仔坊,62,62,27,//gocoolsh.taobao.com,71,62,62,41,81,62,73,69,72,59,68,54,67,62
259,黑色膝盖破洞牛仔裤女九分裤夏薄款韩版高腰显瘦不规则紧身小脚裤价格：288,女主角春夏装,62,62,20,//shop67920509.taobao.com,,,,42,,,,36,35,27,36,37,66,62
260,天天特价夏季韩版外穿短裤薄款高腰弹力女超短裤学生紧身牛仔热裤价格：88,普洛米亚折扣店,62,64,29,//shop120391013.taobao.com,129,101,101,74,105,84,92,74,81,86,84,144,59,62
261,韩版显瘦女裤紧身薄款牛仔裤女夏季裤子春新款夏小脚长裤2017破洞价格：79,思嘉怡牛仔裤,61,61,21,//shop110089847.taobao.com,104,83,83,106,84,82,92,112,84,86,56,70,72,61
262,牛仔裤女夏小脚高腰韩版2017春秋季新款学生九分裤修身显瘦铅笔裤价格：105,蓉媛旗舰店,61,61,18,//rongyuan.tmall.com,28,,,41,37,36,39,32,46,42,41,52,40,61
263,弹力韩版九分牛仔裤女春夏季2017新款学生小脚修身显瘦高腰铅笔裤价格：79,广州布衣布舍,61,61,22,//shop102311603.taobao.com,80,89,89,61,52,39,65,69,74,45,80,62,63,61
264,牛仔裤女九分裤小脚春夏秋季2017新款弹力破洞显瘦铅笔裤子韩版潮价格：98,怜雪服饰旗舰店,61,61,19,//lianxuefs.tmall.com,26,32,32,32,51,49,41,65,75,79,53,29,51,61
265,春夏装加肥加大码高腰胖mm乞丐破洞九分牛仔裤女装宽松小脚长裤潮价格：99,胖MM大购物,61,62,24,//shop110089612.taobao.com,58,56,56,51,53,53,49,45,45,38,49,56,53,61
266,2017夏薄款黑色膝盖破洞牛仔裤女九分韩版高腰弹力修身显瘦小脚裤价格：198,伊粉旗舰店,61,61,17,//yifen.tmall.com,37,74,74,82,73,87,68,65,49,49,72,64,75,61
267,白色牛仔裤女九分裤2017春夏季新款韩版显瘦小脚长裤铅笔裤子女价格：169,罗米娜旗舰店,61,61,26,//luomina.tmall.com,,,,,21,29,38,53,34,41,44,54,77,61
268,黑色牛仔裤女九分裤春夏2017新款韩版显瘦铅笔裤chic学生小脚裤子价格：168,名驭旗舰店,60,61,25,//zzmingyu.tmall.com,,,,,33,47,61,53,59,50,42,65,55,60
269,2017夏秋装女装新款加肥加大码胖MM韩版宽松高腰弹力破洞九分裤潮价格：53.9,圆圆外贸原单大码女装,60,60,18,//shop71654366.taobao.com,24,,,,35,47,41,36,51,38,43,53,37,60
270,【88聚269元】ochirly欧时力洗水中腰棉质牛仔长裤1JJ2061880价格：539,ochirly官方旗舰店,60,60,27,//ochirly.tmall.com,,20,20,,,,,,24,,,,,60
271,2017夏破洞牛仔裤女新款韩版修身显瘦九分裤瘦腿裤女学生铅笔裤潮价格：198,鹿女郎旗舰店,60,60,22,//lunvlang.tmall.com,,,,,26,24,,35,66,67,60,81,69,60
272,2017新款夏季韩版卷边破洞弹力牛仔短裤女潮显瘦高腰毛边学生热裤价格：268,酷豆牛仔,59,60,30,//shop64630070.taobao.com,34,42,42,39,62,60,62,44,52,35,42,50,54,59
273,2017春夏季新款韩版薄款破洞牛仔裤女九分裤9分小脚裤紧身显瘦潮价格：118,依梦牛仔 厂家直销店,59,67,23,//1688ymfs.taobao.com,72,77,77,47,73,60,47,64,49,50,47,58,33,59
274,春夏季松紧腰带牛仔裤女高腰修身显瘦胖mm高弹力休闲弹性黑色大码价格：369,影儿专柜,59,61,37,//shop130571478.taobao.com,65,77,77,61,78,66,89,89,72,63,49,63,56,59
275,牛仔裤女九分裤2017夏季新款高腰薄款紧身显瘦学生毛边小脚铅笔裤价格：138,蒙奴莎官方店,59,60,16,//mengnusha.taobao.com,40,28,28,38,52,29,57,59,51,57,40,53,59,59
276,新款韩版抓痕九分铅笔裤女高腰弹力不规则剪边磨边小脚牛仔裤价格：198,十月域十年,59,60,21,//shop113839570.taobao.com,37,,,40,39,33,38,34,33,37,51,51,37,59
277,牛仔裤女九分裤薄款小脚裤韩版秋装铅笔裤2017春夏季新款原宿裤子价格：109,雅来特旗舰店,59,59,25,//yalaite.tmall.com,,,,,,,,,,,,,,59
278,卷边高腰牛仔裤女九分裤2017秋装新款韩版学生紧身显瘦小脚裤子价格：99,羊城故事家cantonstory,59,59,22,//cantonstory.taobao.com,,,,,,,,,,,,,,59
279,钱夫人CHINSTUDIO韩版新款浅色毛边开叉牛仔裤女九分裤显瘦铅笔裤价格：139,钱夫人家 雪梨定制,59,59,13,//room-209.taobao.com,42,30,30,37,41,35,47,36,44,45,31,30,48,59
280,特价 韩版弹力修身显瘦小脚高腰牛仔裤女秋铅笔裤2017新款九分裤价格：289,h荷,59,59,16,//weibo99.taobao.com,,,,,,,,,,31,28,,51,59
281,春夏季2017新款显瘦紧身白色破洞牛仔裤女小脚铅笔裤子黑色九分裤价格：269,飞彦服饰旗舰店,58,58,19,//feiyanfs.tmall.com,71,48,48,50,67,65,65,65,58,68,67,64,59,58
282,乐町2017夏季新款女装潮小脚裤女绑带高腰裤牛仔裤修身显瘦铅笔裤价格：389,乐町官方旗舰店,58,58,11,//leting.tmall.com,,,,,,,,,,,,,142,58
283,新品尝鲜价299Vero Moda高含棉弹力修身牛仔裤|317332536价格：379,veromoda官方旗舰店,58,58,18,//veromoda.tmall.com,,,,,,,,,,,,,,58
284,2017新款chic韩国高腰牛仔裤女九分裤修身显瘦弹力小脚铅笔裤薄款价格：128,杜拉拉日韩风女装,58,58,32,//shop113232684.taobao.com,,,,,,,,41,38,45,29,86,58,58
285,夏季牛仔裤女中裤韩版小脚松紧高腰七分短裤紧身显瘦春秋长裤薄款价格：175,衣兰都优质精选,58,58,31,//yige28.taobao.com,59,42,42,61,56,49,55,56,65,57,44,70,52,58
286,破洞铅笔裤2017春季新品韩版复古脚边缺口工艺小脚裤弹力九分裤女价格：38.9,了不起的女孩,58,58,15,//lbqgrils.taobao.com,,,,,,,,,,29,35,40,44,58
287,小绿定制款2017秋季新品铆钉腰带黑色牛仔裤女修身显瘦铅笔裤长裤价格：169,小绿STYLE独家定制,57,57,33,//xiaogreen.taobao.com,,,,,,,,,,,,,,57
288,2017春夏韩版新款浅色破洞牛仔裤女学生小脚修身九分裤显瘦铅笔裤价格：99,小卜大卜小小卜,57,57,14,//xiaobodabo.taobao.com,30,27,27,43,41,50,45,59,41,46,42,63,51,57
289,自制 chic 撕边不规则破洞紧身牛仔裤水洗磨白小脚裤弹力紧身裤女价格：98,馨帮帮sinbounboun,57,57,18,//sinbounboun.taobao.com,43,39,39,27,27,34,57,41,31,,37,33,30,57
290,2017春夏渔网破洞牛仔裤女显瘦乞丐裤玫瑰网袜翻边九分小脚铅笔裤价格：138,棉讯旗舰店,57,57,20,//mianxun.tmall.com,59,51,51,46,36,33,26,37,42,28,47,51,61,57
291,2017秋季新款修身显瘦弹力小脚水洗高腰铅笔裤子九分牛仔裤女学生价格：37.8,三角衣柜,57,60,17,//sanjiaoyigui.taobao.com,32,33,33,40,33,31,39,32,,29,30,79,49,57
292,2017春夏季新款卷边薄款九分牛仔裤女修身显瘦小脚七分裤黑色弹力价格：258,缇哲服饰旗舰店,57,57,18,//tizhe.tmall.com,97,99,99,88,67,62,75,64,74,57,61,47,46,57
293,妖精的口袋Y西部世界秋装2017新款紧身拉链铅笔裤九分牛仔裤女价格：249,妖精的口袋旗舰店,57,57,14,//yaojingdekoudai.tmall.com,,,,,,,,,,,,,,57
294,紧身九分牛仔裤女高腰韩版显瘦百搭新款小脚牛仔长裤子女9分弹力价格：128,迈可思旗舰店,57,57,23,//maikesi.tmall.com,146,178,178,85,127,104,87,87,90,64,55,82,82,57
295,破洞牛仔裤女九分裤春夏季2017新款夏装韩版潮显瘦小脚女裤子女装价格：108,诺诺依舍,56,56,23,//taotaobp.taobao.com,,,,25,26,34,,44,48,48,34,54,44,56
296,2017夏秋韩版浅色九分牛仔裤女高腰小脚铅笔裤显瘦紧身裤9分裤薄价格：238,萱米旗舰店,56,56,15,//xuanmi.tmall.com,49,39,39,27,,23,,,29,51,57,37,48,56
297,2017春季新款直筒卷边牛仔裤女韩版学生宽松高腰百搭九分裤bf风潮价格：90,FASHION 牛仔定制,56,56,19,//shop141488280.taobao.com,37,56,56,39,58,44,53,55,50,42,46,66,67,56
298,ONLY2017夏新含莱卡磨破低腰九分牛仔裤女|117249519价格：499,ONLY官方旗舰店,56,56,22,//only.tmall.com,9,,,68,22,28,16,13,12,13,,,,56
299,高腰牛仔裤女九分裤2017春秋季韩版新款学生显瘦修身小脚铅笔长裤价格：99,彩虹之巅998,55,56,17,//shop113073748.taobao.com,,,,,,,,,,,32,31,45,55
300,希野 秋装2017新款女蓝色高腰修身显瘦小脚牛仔裤紧身弹力铅笔裤价格：299,希野xiye,55,55,24,//xiye-xiye.taobao.com,,,,,,,,,,,,,,55
301,尚驭牛仔铅笔裤女2017秋季新款显瘦磨破弹力小脚裤长裤女裤牛仔裤价格：319,尚驭服饰旗舰店,55,55,15,//whshangyu.tmall.com,27,27,27,36,39,41,48,39,63,35,38,41,43,55
302,聚ONLY2017夏装新品修身棉弹小脚牛仔裤女|117132508价格：449,ONLY官方旗舰店,55,55,27,//only.tmall.com,,,,,,,,,,,,,,55
303,2017春秋新款高腰牛仔裤女小脚裤韩版显瘦紧身弹力白色铅笔长裤A9价格：58.5,百分着衣,55,55,21,//shop69667879.taobao.com,30,19,19,34,,23,21,31,43,44,34,35,42,55
304,自制推荐chic春季百搭不规则破洞撕边小脚牛仔裤街拍紧身裤九分裤价格：78,馨帮帮sinbounboun,55,56,13,//sinbounboun.taobao.com,31,31,31,31,28,42,40,42,32,36,40,30,32,55
305,2017新款韩版夏季开叉毛边高腰牛仔短裤女宽松假两件裙裤薄款热裤价格：93.75,小鹿要飞 杨雅熙定制,55,55,19,//xiaoluyaofei.taobao.com,157,94,94,80,84,76,83,70,60,71,62,80,68,55
306,春夏季新款大码女装胖mm破洞牛仔裤女长裤子bf风宽松九分裤显瘦价格：19,阿伦外贸屋,55,55,33,//shop106080614.taobao.com,,,,,,,,,,32,34,40,41,55
307,RENA复古简约水洗弹力修身显瘦膝盖破洞韩国夏季百搭牛仔九分裤女价格：47,Rena 小铺,54,56,13,//life-rena.taobao.com,27,,,32,40,29,36,35,60,43,44,45,58,54
308,2017春夏韩国高腰微喇牛仔裤女九分毛边显瘦学生黑色阔腿喇叭裤子价格：119,尚琛旗舰店,54,54,22,//shangchenfs.tmall.com,24,28,28,,26,27,38,32,34,35,52,44,49,54
309,韩版新款高腰牛仔裤女长裤子收腹胖MM弹力修身弹力大码小脚铅笔裤价格：198,【酷爱小巷】专业女裤 厂家直销,54,54,23,//kuaixiaoxiang.taobao.com,25,28,28,50,45,30,57,50,59,41,38,41,45,54
310,春夏季2017新款韩版破洞高腰牛仔裤女九分裤弹力小脚裤学生铅笔裤价格：99,金尚秋旗舰店,54,54,19,//jinshangqiu.tmall.com,47,49,49,52,60,70,54,53,57,58,75,61,45,54
311,馨帮帮2017春夏装流苏大破洞牛仔裤chic弹力紧身撕边小脚裤女长裤价格：78,馨帮帮sinbounboun,54,54,15,//sinbounboun.taobao.com,31,33,33,34,28,35,31,26,35,32,29,29,33,54
312,【8.8上午十点 新品8.8折 全国包邮】灰色铅笔裤九分长裤女修身价格：99,TDstudio土豆家,53,54,23,//tdstudio.taobao.com,,,,,,,,,,,,,,53
313,新品牛仔裤大码韩版女裤子小脚裤铅笔裤长裤弹力春秋价格：19,后天的路,53,55,21,//ht3000.taobao.com,77,,,,,19,,19,32,,24,66,66,53
314,破洞牛仔裤女九分裤黑色小脚铅笔裤修身显瘦毛边韩版新款学生紧身价格：199,傲丹旗舰店,53,53,99,//aodannz.tmall.com,,,,,,,,,,,,,,53
315,拉夏贝尔中腰牛仔裤女九分裤2017夏季新款韩版修身显瘦小脚铅笔裤价格：199,拉夏贝尔官方旗舰,53,53,21,//lachapelle.tmall.com,156,95,95,,,,,83,,,52,40,42,53
316,ONLY2017夏新磨破毛边九分修身牛仔裤女|11726I519价格：399,ONLY官方旗舰店,53,54,24,//only.tmall.com,,,,84,51,43,,,,,,,,53
317,早春新款女装复古做旧膝盖破洞毛边高腰修身显瘦铅笔小脚牛仔裤女价格：24.88,壹号人家女装批发,53,54,22,//shop105092960.taobao.com,30,26,26,,41,34,39,33,39,35,38,51,45,53
318,3713 秋季新款韩版拉毛破洞网格牛仔裤女高弹力修身磨白小脚裤潮价格：22.99,第六神话华玉美衣女装成衣性价比之王外贸批发零售,53,56,30,//thesixthmyths.taobao.com,,,,,,,,,,,,,,53
319,夏季韩版chic复古港味弹力修身显瘦破洞牛仔裤九分裤学生小脚裤女价格：36.98,试衣间SYJ,52,53,23,//syj168.taobao.com,47,25,25,37,30,31,38,42,52,48,55,49,32,52
320,高腰牛仔裤女九分裤2017夏新款韩版显瘦小脚长裤薄款铅笔裤子学生价格：168,我就是老王,52,53,21,//shop66613463.taobao.com,59,76,76,77,65,66,66,49,60,57,55,69,30,52
321,chic高腰牛仔裤女紧身小脚九分裤夏秋薄款修身显瘦毛边BF韩版学生价格：168,妖精の扣袋,52,52,25,//shop110569909.taobao.com,,,,,,,,30,28,30,41,45,35,52
322,复古港味chic风水洗做旧磨破毛边夏季百搭高腰牛仔短裤热裤女价格：29,港味潮人馆,52,53,23,//shop109847364.taobao.com,116,85,85,57,50,50,30,49,48,72,65,62,62,52
323,2017秋季新款韩版裤子修身学生破洞小脚铅笔裤高腰牛仔裤女长裤潮价格：42,淘淘衣女装店,52,52,44,//taotaoyi168.taobao.com,,,,24,,19,,31,36,23,27,30,,52
324,韩版显瘦高腰黑色破洞牛仔裤子女2017春秋百搭九分小脚学生新款潮价格：98,gjoy旗舰店,52,52,16,//gjoy.tmall.com,,,,,,28,38,33,37,57,58,59,54,52
325,牛仔裤女九分裤春秋季2017新款高腰显瘦不规则毛边膝盖破洞小脚裤价格：69,YT女裤,52,52,27,//shop143155007.taobao.com,,,,,,,,,30,40,,,30,52
326,牛仔裤女九分裤春夏季韩版女士显瘦百搭2017秋装新款卷边小脚裤潮价格：189,映遇旗舰店,52,52,18,//yinnyurr.tmall.com,,27,27,,,,,,42,38,28,39,57,52
327,蝴蝶结牛仔短裤女夏季2017新款韩版牛仔裤弹力修身夏天热裤开叉潮价格：75,澜克利莎旗舰店,52,52,29,//lankelisha.tmall.com,55,58,58,59,63,63,67,74,40,72,86,79,73,52
328,vinnie弹力夏季韩版高腰复古牛仔短裤女夏潮紧身显瘦毛边开叉热裤价格：98,美中布族,52,52,35,//pitaya-cactus.taobao.com,83,58,58,46,39,47,49,27,45,37,31,34,,52
329,欧洲站2017夏季新款欧货潮重工花朵钉珠烫金弹力毛边九分牛仔裤女价格：588,良坤服饰牛仔女装品牌直销,51,52,9,//liangkun020.taobao.com,24,29,29,27,,37,72,82,86,63,65,53,53,51
330,2017高腰牛仔裤女长裤修身新款秋季松紧腰小脚裤韩版学生显瘦铅笔价格：128,聚划算商城联盟店,51,51,21,//shop136699750.taobao.com,17,,,25,36,102,80,84,64,40,46,48,45,51
331,ONLY夏季莱卡修身基础小脚SO九分牛仔裤女|117149512价格：399,ONLY官方旗舰店,51,56,21,//only.tmall.com,,,,39,,29,,,,,,,,51
332,秋季2017新款chic烂牛仔裤女潮破洞韩版百搭紧身小脚显瘦九分薄款价格：158,美妮兰旗舰店,51,53,27,//meinilan.tmall.com,,,,,,,,,,,30,43,48,51
333,女士七分裤2017夏季新款破洞牛仔女宽松乞丐7分裤薄款学生破洞裤价格：108,蒙特尔服装店,51,51,25,//yy2688.taobao.com,72,78,78,79,60,54,72,85,76,62,70,81,72,51
334,破洞牛仔裤女九分裤黑色小脚铅笔裤修身显瘦弹力韩版新款学生大码价格：199,嘉汇旗舰店,50,50,93,//jiahuifs.tmall.com,,,,,,,,,,,,,,50
335,夏季女装韩版牛仔裤修身显瘦小脚裤高腰裤子弹力铅笔裤九分裤学生价格：37.98,试衣间SYJ,50,50,22,//syj168.taobao.com,41,30,30,37,41,49,44,53,46,47,49,46,41,50
336,排扣高腰牛仔裤女长裤秋季显瘦黑色小脚裤女士修身弹力铅笔裤子潮价格：205,薇伦旗舰店,50,51,30,//weilun.tmall.com,,,,23,29,19,,23,30,23,32,21,29,50
337,逸阳女裤秋季牛仔裤女九分修身小脚铅笔不规则毛边韩版裤子潮1459价格：169,逸阳旗舰店,50,50,21,//esey.tmall.com,,,,,,,,,,,,,,50
338,破洞牛仔裤女九分裤2017春夏季新款高腰毛边紧身小脚裤弹力铅笔裤价格：129,以耶旗舰店,49,49,16,//yiye.tmall.com,28,26,26,26,32,33,30,39,,27,,37,38,49
339,古西亚 2017秋季新款破洞牛仔裤女九分裤黑色高腰铅笔裤小脚裤女价格：188,古西亚旗舰店,49,50,17,//guxiya.tmall.com,29,26,26,35,32,38,53,42,55,50,51,40,38,49
340,聚会员专享8折ONLY2017秋新含棉弹力九分修身牛仔裤女|117349574价格：549,ONLY官方旗舰店,49,49,14,//only.tmall.com,,,,,,,,,,,,,,49
341,黑色膝盖破洞牛仔裤女九分裤chic薄款高腰学生显瘦紧身弹力小脚裤价格：108,韩都女装期舰店,49,50,21,//shop115103148.taobao.com,96,80,80,87,79,84,72,100,94,81,60,39,52,49
342,2017新款白色牛仔短裤女夏破洞宽松高腰韩版显瘦五分裤bf风潮热裤价格：199,梅玲龙旗舰店,48,48,21,//meilinglong.tmall.com,475,57,57,66,79,79,68,78,65,57,50,46,60,48
343,牛仔裤女春夏季2017新款韩版显瘦学生高腰百搭烂破洞小脚九分裤子价格：138,梦希曼旗舰店,48,48,22,//mengximan.tmall.com,60,54,54,49,49,32,42,35,42,35,33,30,31,48
344,黑色高腰牛仔裤女夏长裤2017新款韩版弹力显瘦学生大码小脚裤秋季价格：88,妃霖旗舰店,48,48,26,//feilin.tmall.com,,,,,,,,,,,,,23,48
345,韩版秋季女装新款黑灰色牛仔裤女高腰弹力小脚铅笔裤子紧身九分裤价格：39.8,月牙城,48,48,23,//yueyacheng.taobao.com,,26,26,,,,,31,28,36,38,47,51,48
346,Vero Moda2017春季新品纽扣高腰九分牛仔裤|317149504价格：499,veromoda官方旗舰店,48,48,25,//veromoda.tmall.com,,,,,,,53,,,,,,,48
347,高腰牛仔裤女九分裤2017夏新款韩版显瘦小脚长裤薄款铅笔裤子学生价格：118,潮佳韩谷女装旗舰店,48,48,16,//chaojiahangu.tmall.com,48,49,49,47,46,38,37,40,37,47,47,51,46,48
348,时尚街拍破洞牛仔裤女夏季新款高腰显瘦铅笔裤不规则裤口九分裤潮价格：112.48,Dreamyshow梦梦家女装,47,47,19,//dreamy.taobao.com,,,,,,85,64,77,62,69,39,32,50,47
349,2017韩版秋季新款基础款剪边显瘦牛仔裤女学生打底外穿小脚铅笔裤价格：34.8,月牙城,47,47,25,//yueyacheng.taobao.com,24,28,28,,,35,28,27,28,50,51,53,42,47
350,杨幂同款黑色牛仔裤女九分裤2017韩版高腰学生夏弹力显瘦小脚铅笔价格：199,Only lee 高端定制,47,47,30,//shop101471844.taobao.com,,,,,,,,,,,,,34,47
351,高腰牛仔裤女九分裤秋装2017春夏季新款韩版显瘦学生小脚铅笔裤子价格：99.9,瑞集旗舰店,47,47,85,//ruijinvzhuang.tmall.com,,,,,,,,,,,,,,47
352,2017新款牛仔裤女九分裤春夏季显瘦弹力破洞学生小脚裤百搭铅笔裤价格：128,西西笔潮流女装,47,47,26,//shop72071655.taobao.com,26,32,32,,37,34,,34,,31,30,34,33,47
353,黑色牛仔裤女夏长裤2017新款韩版显瘦学生毛边小脚裤高腰铅笔裤子价格：239,高窕秀腿旗舰店,47,47,20,//gaotiaoxiutui.tmall.com,73,46,46,27,,,,,,,21,21,31,47
354,LADY巴掌自制紧身弹力手工钉珠亮片显瘦破洞牛仔裤女九分裤包邮K价格：189,巴掌家,47,47,27,//bazniu.taobao.com,,,,,,,,,,,,,,47
355,牛仔裤女长裤小脚裤蓝色韩版春显瘦紧身弹力裤子女黑色学生铅笔裤价格：78,agurain阿革睿旗舰店,47,47,26,//agurain.tmall.com,52,37,37,27,34,45,51,49,65,33,35,55,46,47
356,2017韩版春装新款显瘦高腰蓝色牛仔裤女小脚铅笔裤学生紧身长裤子价格：36.8,月牙城,47,47,21,//yueyacheng.taobao.com,,,,,26,18,26,,24,21,29,26,39,47
357,秋装女装韩版高腰显瘦牛仔裤修身百搭紧身小脚裤铅笔裤九分裤长裤价格：39.98,可可里小姐,47,48,23,//misskkl.taobao.com,40,28,28,30,37,34,48,45,37,44,40,34,55,47
358,【天天特价】夏秋季新款牛仔裤女士韩版紧身小脚裤修身铅笔长裤薄价格：86,衣衣品牌店,46,51,44,//xiaosun828.taobao.com,58,32,32,28,37,40,42,32,32,31,58,39,33,46
359,欧美范春夏高腰小脚牛仔裤女显瘦长裤百搭提臀铅笔裤弹力修身包邮价格：128,F摩登女孩,46,46,10,//mdnh8090.taobao.com,55,49,49,46,51,50,67,56,68,49,77,81,58,46
360,2016夏季新款白色破洞牛仔女修身显瘦弹力紧身休闲大码外穿短裤子价格：35,衣帘幽梦新潮女装,46,47,36,//shop156490848.taobao.com,,,,,,,,30,27,38,27,32,35,46
361,LRUD秋装新款韩版高腰弹力牛仔裤女高腰破洞修身小脚裤铅笔裤长裤价格：79,lrud旗舰店,46,46,13,//lrud.tmall.com,31,39,39,25,35,59,45,55,,,202,113,44,46
362,版型巨显瘦的好裤子 裤脚无缝剪裁修身显瘦九分小脚铅笔牛仔裤女价格：99,螃蟹巷72号时尚女装,46,46,17,//peggy-cheung.taobao.com,,,,,27,,34,,31,,34,34,46,46
363,秋季烟灰色高腰九分牛仔裤小脚裤女9分黑色显瘦弹力铅笔裤长裤潮价格：298,六邵旗舰店,46,46,23,//liushao.tmall.com,,,,28,,,,36,30,,33,,,46
364,夏季新款高腰修身显瘦小脚裤韩版破洞牛仔裤七分裤女铅笔裤6 7分价格：99,韩丽斯服饰,46,46,29,//shop137775906.taobao.com,59,55,55,58,58,54,40,71,72,60,32,45,42,46
365,夏季黑色高腰膝盖破洞牛仔裤女 九分裤修身小脚裤 弹力紧身铅笔裤价格：118,纯儿服饰旗舰店,46,46,39,//chuner.tmall.com,49,50,50,42,27,32,27,37,29,28,31,31,48,46
366,黑色牛仔裤女2017春夏季新款秋装韩版小脚铅笔长裤显瘦学生女裤子价格：79,淑美林服饰旗舰店,46,46,19,//shumeilin.tmall.com,14,34,34,30,38,41,41,28,31,45,29,34,44,46
367,2017春夏季新款牛仔裤女长裤小脚裤修身显瘦百搭薄款紧身铅笔裤子价格：168,依情蜜语,46,46,27,//pwp1.taobao.com,34,46,46,49,48,29,52,29,45,38,33,36,44,46
368,黑色牛仔裤女夏2017新款韩版薄款显瘦毛边紧身小脚铅笔裤九分裤潮价格：199,缪佳旗舰店,45,45,27,//liaojia.tmall.com,,,,,,,,33,60,29,,38,,45
369,2条装】牛仔裤女夏2017新款韩版九分裤学生高腰黑色铅笔小脚长裤价格：119,香舒婷旗舰店,45,45,61,//xiangshuting.tmall.com,,,,,,,,,,,,,,45
370,2017夏装高腰牛仔裤女春夏季韩版长裤显瘦破洞九分裤小脚铅笔裤子价格：99,懵懂依恋旗舰店,45,45,28,//mengdongyilian.tmall.com,,,,,,,,,176,53,26,,,45
371,天天特价高腰牛仔裤女九分裤破洞 小脚裤春夏新款弹力紧身铅笔裤价格：159,秦淮霓裳裤子店,45,45,17,//kuzhuangdian.taobao.com,,,,,,,,,,,,,,45
372,韩版高腰牛仔短裤女裤夏季百搭薄款显瘦弹力胖mm潮大码学生热裤子价格：139,维娓形象店,45,45,44,//shop136919174.taobao.com,71,65,65,57,55,54,57,62,33,42,32,33,42,45
373,夏季薄款复古高腰膝盖破洞牛仔裤女九分裤紧身显瘦弹力小脚铅笔裤价格：158,久觅官方店,45,45,23,//shop143068640.taobao.com,48,42,42,59,52,42,52,40,57,41,37,47,40,45
374,高腰牛仔裤女春松紧腰秋弹力显瘦修身韩版胖mm大码小脚铅笔裤长裤价格：218,艳红女装,45,46,26,//shop101060148.taobao.com,25,25,25,28,28,21,32,34,37,35,32,35,31,45
375,2017秋季新款牛仔裤女士显瘦小脚裤韩版修身弹力铅笔裤女长裤子潮价格：316,乐型旗舰店,45,45,24,//lexing.tmall.com,,,,,,18,,,,23,,28,44,45
376,2017新款夏装韩版高腰黑色牛仔裤女九分裤小脚裤学生显瘦铅笔裤子价格：96,巩迪旗舰店,45,45,72,//gongdi.tmall.com,,,,,,,,,,,,30,41,45
377,2017夏季新款牛仔裤女春秋紧身显瘦薄款九分裤黑色高腰休闲小脚裤价格：206,阿芮轩旗舰店,45,45,20,//aruixuan.tmall.com,47,51,51,55,47,64,44,45,47,55,30,36,57,45
378,希野 女装2017新款秋装黑色高腰修身显瘦小脚裤休闲绑带牛仔裤价格：199,希野xiye,45,45,28,//xiye-xiye.taobao.com,,,,,,,,,,,,,,45
379,秋冬新款韩版剪破紧身弹力高腰牛仔裤女显瘦修身小脚铅笔裤长裤潮价格：40,港妹潮人馆,45,45,21,//bazhaoyi.taobao.com,26,,,,,26,42,30,,44,46,33,45,45
380,2017韩版春秋款高腰牛仔裤女小脚破洞铅笔裤黑色弹力学生九分长裤价格：198,鹿女郎旗舰店,45,47,26,//lunvlang.tmall.com,16,21,21,,33,22,28,26,,29,45,32,36,45
381,景亦 夏装新款韩版修身破洞牛仔裤女高腰显瘦学生小脚裤百搭长裤价格：119,JY STUDIO 张景亦高定工作室,44,44,34,//zjyistudio.taobao.com,,,,,,,,,,,,,,44
382,2017春夏季新款九分裤子百搭黑色破洞牛仔裤女修身弹力小脚铅笔裤价格：168,大眼睛 STUDIO 轻奢主义,44,44,28,//bigeyes8.taobao.com,,,,,,,,,48,34,,,,44
383,【天天特价】大码a字牛仔短裤女夏百搭毛边宽松破洞胖mm阔腿热裤价格：119,[雅蔓阁],44,44,25,//shop104404392.taobao.com,,,,,,,,,,,,,57,44
384,逸阳女裤2017新款夏季薄款白色九分裤女破洞牛仔裤女八分小脚裤子价格：169,esey逸阳名郎专卖店,43,43,20,//eseyml.tmall.com,45,38,38,36,42,49,29,29,44,34,45,33,43,43
385,夏季牛仔裤女中裤韩版小脚高腰紧身显瘦百搭薄款短裤七分八分裤女价格：228,东哞旗舰店,43,44,26,//dongmou.tmall.com,70,47,47,35,36,228,55,32,33,48,53,48,45,43
386,2017秋季新款简约高腰黑色牛仔裤女九分紧身弹力显瘦韩版百搭长裤价格：128,nana家原创牛仔,43,43,23,//shop128490336.taobao.com,,26,26,25,29,,,33,,,,,,43
387,大瓶定制乞丐裤九分裤夏烂小脚裤潮浅色修身弹力紧身破洞牛仔裤女价格：149,UNIHOME 大瓶定制,43,44,11,//unihome.taobao.com,50,53,53,42,43,45,59,65,43,52,42,60,38,43
388,白色破洞牛仔七分裤女夏薄款百搭显瘦休闲7分中裤 子马裤2017新款价格：159,紫琪品牌女装,43,43,31,//shop155340669.taobao.com,47,30,30,56,34,34,30,43,31,40,43,40,25,43
389,ONLY2017夏新特殊裤脚金属九分牛仔裤女|11726I515价格：449,ONLY官方旗舰店,43,43,26,//only.tmall.com,13,,,48,18,22,13,6,6,8,,,,43
390,高腰牛仔裤女春夏季2017新款韩版学生修身显瘦弹力黑色小脚裤子价格：108,angellee旗舰店,43,44,31,//angellee.tmall.com,48,42,42,23,17,15,21,18,19,36,41,41,45,43
391,聚ONLY2017夏装新品修身高腰紧身牛仔裤女|117132505价格：549,ONLY官方旗舰店,43,43,26,//only.tmall.com,,,,,,,,,,,,,,43
392,黑色牛仔裤女长裤2017春夏季新款潮小脚乞丐显瘦紧身烂破洞铅笔裤价格：199,舒美舒漫,43,43,24,//smsyniuzaiku.taobao.com,26,40,40,25,30,24,34,45,27,41,37,41,37,43
393,2017秋季新款春夏破洞牛仔裤女长裤小脚裤韩版女士修身显瘦铅笔裤价格：328,晚烟旗舰店,43,43,16,//wanyanfs.tmall.com,41,34,34,37,35,36,55,52,49,32,39,36,36,43
394,2017新款韩版破洞学生牛仔裤短裤女夏弹力中腰百搭显瘦热裤子薄潮价格：79,惠茜牛仔,42,42,27,//huixi66.taobao.com,79,66,66,67,62,82,49,68,39,55,44,36,31,42
395,2017秋季新款韩版紧身黑色牛仔裤女小脚弹力显瘦铅笔裤修身长裤潮价格：239,梅玲龙旗舰店,42,42,24,//meilinglong.tmall.com,,,,,,,,,,24,,25,38,42
396,天天特价春夏季新款刺绣牛仔裤女九分裤韩版小脚裤个性显瘦裤子潮价格：128,丽丽家牛仔,42,42,20,//shop122471076.taobao.com,,,,,,,,,,,,,63,42
397,破洞牛仔裤女裤子九分春夏季2017新款韩版学生显瘦小脚黑色打底裤价格：199,比丽福旗舰店,42,42,19,//bilifu.tmall.com,,,,,,,,,,,,,36,42
398,牛仔裤女秋季2017新款松紧腰高腰九分裤显瘦大码女裤子胖mm夏长裤价格：159,蜜糖之城服饰旗舰店,42,42,19,//mitangzhicheng.tmall.com,24,39,39,35,38,31,26,,36,22,20,24,25,42
399,Vero Moda2017秋季新品基础款设计九分小脚牛仔裤|317349502价格：379,veromoda官方旗舰店,42,42,21,//veromoda.tmall.com,,6,6,,,,31,12,14,3,,,,42
400,白色牛仔裤女春2017新款长裤韩版显瘦小脚裤夏季铅笔裤九分裤薄价格：169,芳芳之佳旗舰店,42,43,29,//fangfangzhijia.tmall.com,27,27,27,34,23,,25,26,25,37,30,33,25,42
401,CBC2017春夏超高弹力牛仔短裤女浅蓝色卷边韩版修身显瘦高腰热裤价格：248,cobcbc服饰旗舰店,42,42,27,//cobcbc.tmall.com,70,44,44,51,34,53,39,62,39,52,44,56,46,42
402,妖精的口袋W阅读时长秋装2017新款破洞微喇叭牛仔裤女九分裤子价格：249,妖精的口袋旗舰店,42,42,22,//yaojingdekoudai.tmall.com,,,,,,,,,,,,,,42
403,夏秋薄款高腰牛仔裤女九分裤chic韩版紧身毛边学生百搭小脚铅笔裤价格：108,T淘气牛仔,42,42,24,//shop150025165.taobao.com,,,,,,,,,,,,,34,42
404,2017春夏新款大码女士高腰牛仔裤女九分裤胖mm弹力显瘦小脚铅笔裤价格：138,开口笑fushi,41,42,21,//shop108178186.taobao.com,33,33,33,,44,44,48,52,43,30,40,44,45,41
405,弹力新款春夏女士韩版中腰秋牛仔长裤薄款学生女显瘦小脚铅笔裤女价格：96,依美啦牛仔裤专家,41,42,30,//yimeila.taobao.com,36,44,44,33,26,24,48,29,39,36,42,35,46,41
406,破洞牛仔裤女春夏季2017新款薄款韩版不规则九分裤修身显瘦小脚裤价格：168,伊华蔻旗舰店,41,41,20,//evacoco.tmall.com,,36,36,26,30,33,35,37,45,27,29,40,32,41
407,Dnvie黑色高腰小脚牛仔裤女2017新款春秋显瘦韩版潮百搭紧身长裤价格：299,dnvie旗舰店,41,41,48,//dnvie.tmall.com,,,,,,,,,,,,,53,41
408,牛仔裤女九分裤2017春夏新款破洞卷边韩版高腰紧身显瘦小脚铅笔裤价格：253,索依巴旗舰店,41,42,29,//suoyiba.tmall.com,,,,,,41,29,26,48,54,34,41,33,41
409,俞兆林七分牛仔裤女 夏季2017新款高腰弹力百搭薄款小脚7分裤女潮价格：118,曼岛服饰专营店,41,41,30,//mandaofs.tmall.com,,1588,1588,987,235,34,41,42,40,44,19,47,40,41
410,2017夏秋新款破洞高腰牛仔裤女直筒修身显瘦小脚裤九分裤薄款宽松价格：196,迪尼姆旗舰店,41,41,34,//dinimu.tmall.com,,,,,,,,,168,56,,,,41
411,显瘦牛仔裤女长裤小脚裤2017春夏季新款秋装韩版潮高腰薄款女裤子价格：129,雅来特旗舰店,41,41,26,//yalaite.tmall.com,40,46,46,51,44,41,29,36,39,32,24,45,,41
412,佐丹奴牛仔裤 女装精工猫须洗水弹力棉修身显瘦窄脚裤女05416027价格：260,佐丹奴官方旗舰店,41,42,33,//giordano.tmall.com,,36,36,,,,,,,,,,,41
413,M初棉2017夏装新款前短后长九分牛仔裤女 弹力修身牛仔九分裤女价格：169,初棉旗舰店,41,41,21,//chumian.tmall.com,46,,,,99,63,37,,,47,,,63,41
414,15夏秋14少女裤13初中学生16岁女孩松紧腰长裤铅笔小脚牛仔裤加长价格：118,秦淮霓裳裤子店,40,40,32,//kuzhuangdian.taobao.com,,,,,,18,,29,23,23,,,25,40
415,牛仔裤女夏季薄款九分裤2017新款高腰修身显瘦韩版学生小脚长裤子价格：169.8,依情蜜语,40,40,30,//pwp1.taobao.com,,,,30,64,56,70,46,45,38,43,53,47,40
416,黑色膝盖破洞牛仔裤女九分裤新款韩版高腰显瘦弹力毛边小脚铅笔裤价格：168,潮依裤CYK,40,40,21,//yueranniuzai.taobao.com,,,,41,26,,28,,42,29,,39,34,40
417,2017春秋新款黑色牛仔裤女弹力小脚修身显瘦紧身韩版学生铅笔九分价格：148,伍尔柒服饰旗舰店,40,41,19,//wuerqi.tmall.com,17,25,25,30,25,30,27,34,33,40,46,39,49,40
418,伊芙丽2017新款韩版春夏季百搭显瘦铅笔裤破洞牛仔裤女九分裤价格：598,伊芙丽官方旗舰,40,40,25,//eifini.tmall.com,21,6,6,,17,9,8,5,,4,6,,,40
419,春季新款松紧腰胖MM大码弹力紧身收腹小脚学生高腰牛仔裤女长裤价格：150,纯纯牛仔屋,40,47,28,//shop113661458.taobao.com,,28,28,34,40,37,34,42,43,50,43,36,50,40
420,高腰黑色膝盖破洞牛仔裤女九分小脚铅笔长裤弹力修身显瘦BF乞丐裤价格：399,嘉汇旗舰店,40,40,15,//jiahuifs.tmall.com,,,,,26,33,28,,40,27,27,33,,40
421,3711 秋季新款韩版高弹力牛仔裤女黑色修身高腰打底裤小脚裤潮价格：22.99,第六神话华玉美衣女装成衣性价比之王外贸批发零售,40,44,25,//thesixthmyths.taobao.com,,,,,,,,,,,,,,40
422,高腰牛仔裤女小脚裤弹力显瘦学生长裤修身春秋新款排扣紧身大码潮价格：249,澜克利莎折扣店,40,41,22,//nz2010.taobao.com,24,,,34,40,45,33,47,36,26,29,36,35,40
423,Five Plus2017新品女夏装棉质洗水破洞小脚牛仔裤长裤2JM2061290价格：599,fiveplus官方旗舰店,40,40,23,//fiveplus.tmall.com,,,,,21,,,,,,,,,40
424,【天天特价】韩高腰膝盖破洞牛仔裤女生九分裤弹力紧身小脚铅笔裤价格：286,优衣裤祺舰店,40,42,24,//shop144299115.taobao.com,,,,,,,,,,,,,,40
425,【今天特价】韩秋冬紧身弹力显瘦高腰铅笔九分裤黑色小脚牛仔裤女价格：298,h荷,39,39,29,//weibo99.taobao.com,38,,,,,26,,,,,,,31,39
426,牛仔裤女九分裤高腰修身显瘦百搭长裤小脚裤侧边开叉铅笔裤休闲裤价格：39,小宅女大购物 xiaozhainv 小宅女家 xiao zhai nv,39,39,34,//zhainvjia.taobao.com,,,,,,,28,,29,27,,29,,39
427,3725 秋季新款韩版破洞毛边猫爪牛仔裤女黑色高弹力修身小脚裤潮价格：22.99,第六神话华玉美衣女装成衣性价比之王外贸批发零售,39,43,26,//thesixthmyths.taobao.com,,,,,,,,,,,,,,39
428,2017春装韩版女装高腰破洞牛仔裤女修身显瘦小脚铅笔裤乞丐九分裤价格：47,梦露日记时尚女装,39,39,16,//mengluriji.taobao.com,,28,28,,32,38,40,35,46,33,40,49,43,39
429,A＋B黑色牛仔裤女夏韩版高腰2017新款薄款九分裤小脚弹力铅笔显瘦价格：188,ab服饰旗舰店,39,39,22,//abfs.tmall.com,,,,,,43,58,42,65,84,85,52,51,39
430,夏薄款破洞牛仔裤女九分裤韩版高腰不规则毛边弹力显瘦小脚铅笔裤价格：159,时尚起义牛仔,39,41,12,//shop140964908.taobao.com,60,56,56,59,69,49,44,81,61,51,57,39,48,39
431,韩版高腰牛仔裤女夏小脚裤加长裤黑色大码胖mm显瘦弹力铅笔裤九分价格：128,蝴蝶女神Lucky goddess,39,39,33,//shop101570543.taobao.com,44,42,42,52,62,64,59,50,51,44,51,51,37,39
432,高腰牛仔短裤女宽松显瘦韩版学生百搭2017春夏季新款破洞阔腿热裤价格：126,雅来特旗舰店,39,39,28,//yalaite.tmall.com,77,81,81,41,42,41,,27,,30,28,33,32,39
433,ONLY2017夏装新品修身高腰含棉牛仔裤女|117132507价格：499,ONLY官方旗舰店,39,39,30,//only.tmall.com,,,,39,,26,,,,,,,,39
434,宽松破洞牛仔裤女九分裤显瘦烂乞丐裤韩版潮2017春夏季新款女裤子价格：198,雅来特旗舰店,39,39,20,//yalaite.tmall.com,,,,26,,33,,,31,36,40,37,37,39
435,2017新款牛仔裤女九分裤春夏季显瘦弹力高腰百搭小脚铅笔裤韩版潮价格：128,颜茹旗舰店,39,39,19,//yanru.tmall.com,74,60,60,55,44,39,45,44,37,53,55,55,50,39
436,牛仔裤女长裤显瘦小脚裤2017秋季新款韩版修身铅笔裤刺绣裤子女裤价格：139,娇宣尼旗舰店,38,38,28,//jiaoxuanni.tmall.com,,,,,,,,,,24,39,46,36,38
437,【地球店】给你大长腿！重工水洗手工装饰钉黑色毛边牛仔小短裤价格：368,AVIVA 地球店,38,38,16,//aviva-j.taobao.com,,228,228,39,38,36,51,34,55,45,41,42,44,38
438,kumayes 夏秋新款撕边缺口抓纹修身小脚裤韩版高腰显瘦牛仔九分裤价格：69,kumayes,38,38,13,//kumayes.taobao.com,,,,,,,,,,,,,,38
439,2017春夏季韩版破洞牛仔裤女黑色修身高腰长裤小脚铅笔显瘦九分裤价格：99,初牛旗舰店,38,38,34,//chuniu.tmall.com,,,,,,,,27,,,,,,38
440,2017春夏季新款黑色牛仔裤女韩版九分裤学生铅笔裤高腰小脚长裤子价格：99,本真之美旗舰店,38,38,26,//benzhenzhimei.tmall.com,,,,,,,,,,,,30,,38
441,破洞牛仔裤女2017春夏季新款宽松bf哈伦裤子薄显瘦钉珠大码九分裤价格：298,怡斐尚旗舰店,38,38,19,//yifeishangnz.tmall.com,45,46,46,35,36,22,29,33,30,101,139,117,49,38
442,烂白色牛仔裤女长裤春夏季2017新款韩版秋显瘦小脚铅笔裤女破洞潮价格：259,舒美舒漫,38,39,23,//smsyniuzaiku.taobao.com,24,20,20,31,34,41,36,43,42,29,38,31,37,38
443,2016韩版女装新款破洞牛仔裤女修身显瘦高腰紧身小脚铅笔裤子长裤价格：36.8,月牙城,37,38,23,//yueyacheng.taobao.com,32,20,20,21,30,22,42,25,29,28,36,36,37,37
444,牛仔裤女长裤薄款秋装2017新款显瘦小脚松紧腰春夏季九分裤女裤子价格：129,左街右巷女裤  微时尚,37,37,27,//haochongchangzai.taobao.com,111,79,79,112,80,85,85,55,50,44,49,35,48,37
445,2017新款韩版大码修身高腰弹力显瘦小脚长裤紧身铅笔牛仔裤包邮价格：199,格秋旗舰店,37,37,20,//geqiu.tmall.com,,,,22,26,,30,49,43,36,47,34,39,37
446,破洞烂牛仔裤女夏高腰九分裤学生2017新款韩版潮紧身膝盖破洞长裤价格：129,皇朝御纺旗舰店,37,37,74,//huangchaoyufang.tmall.com,,,,,,,,,,,,,29,37
447,春夏季新款bf前后破洞牛仔裤女哈伦裤宽松显瘦九分毛边乞丐垮裤潮价格：180,云上生活 明星小艺人,37,38,21,//shop114462765.taobao.com,50,39,39,25,33,27,34,28,53,29,31,37,51,37
448,聚ONLY2017夏新含天丝磨白小脚修身牛仔裤女|117249540价格：449,ONLY官方旗舰店,37,37,29,//only.tmall.com,6,,,26,16,13,8,,4,8,,,,37
449,韩国女装代购 2017秋装新款 磨白抓痕毛边显瘦直筒九分牛仔裤价格：186,cathy studio韩国女装,37,37,7,//hoho--cathy.taobao.com,5,4,4,10,7,12,9,15,21,17,9,20,21,37
450,灰色高腰短裤夏女2017新款韩版牛仔修身显瘦大码胖mm百搭裤子潮价格：99,冰仙子 衣橱,37,37,22,//bxianzi.taobao.com,56,49,49,50,44,46,34,47,43,32,35,50,50,37
451,韩版黑色高腰破洞牛仔裤女九分小脚裤大码弹力显瘦学生加长铅笔裤价格：128,蝴蝶女神Lucky goddess,37,37,42,//shop101570543.taobao.com,33,28,28,41,41,39,30,58,34,,24,35,32,37
452,【88聚249元】ochirly欧时力磨破中腰棉质牛仔长裤1JJ1061400价格：499,ochirly官方旗舰店,37,37,30,//ochirly.tmall.com,,,,,,,,,,,,,,37
453,天天特价萝卜牛仔裤女秋季宽松高腰九分裤学生装休闲长裤小脚裤女价格：109,蒙特尔服装店,37,37,19,//yy2688.taobao.com,,,,,,,,,,,,,28,37
454,夏季薄款弹力小脚铅笔裤乞丐九分裤高腰显瘦黑色膝盖破洞牛仔裤女价格：139,时商界,37,37,28,//shop110741467.taobao.com,93,74,74,140,124,97,136,126,99,73,57,58,49,37
455,秋季新品松紧腰牛仔大码小脚女修身显瘦胖mm高腰弹力韩版长裤价格：199,斯酷服饰,37,37,22,//shop144773796.taobao.com,,,,,,,,,,,,,366,37
456,太平鸟女装2017夏装新款网纱绣花拼接牛仔裤毛边牛仔长裤铅笔裤女价格：499,太平鸟官方旗舰店,37,37,36,//pb89.tmall.com,,,,,,,,,,,,,,37
457,复古港味chic风修身显瘦高腰撕边紧身牛仔裤女烟灰色小脚铅笔裤子价格：38,港妹潮人馆,37,37,26,//bazhaoyi.taobao.com,,,,22,,25,33,23,25,,,35,50,37
458,瓦q牛仔裤女春夏季2017新款九分裤韩版高腰显瘦小脚裤秋装铅笔裤价格：199,瓦q旗舰店,37,37,20,//wati.tmall.com,,,,,,,,,,,34,35,38,37
459,执念秋冬新款高腰牛仔裤女小脚铅笔裤韩版排扣修身显瘦长裤学生潮价格：99,执念旗舰店,37,37,23,//zhinian.tmall.com,28,29,29,22,31,29,38,25,25,22,32,34,31,37
460,黑色膝盖破洞牛仔裤女2017夏秋韩版弹力紧身显瘦学生修身九分小脚价格：249,加勒比服装有限公司,36,36,124,//shop142888552.taobao.com,,,,,,,,,,,,,,36
461,逸阳女裤2017夏季新款白色破洞牛仔裤女九分裤宽松八分小脚裤薄款价格：169,逸阳蕴美专卖店,36,36,25,//eseyym.tmall.com,31,40,40,,36,29,,38,,28,,32,,36
462,【天天特价】秋季韩版显瘦糖果彩色铅笔裤弹力小脚休闲裤牛仔裤女价格：128,[雅蔓阁],36,37,31,//shop104404392.taobao.com,22,,,,34,24,28,36,39,35,56,35,31,36
463,秋季新款复古高腰膝盖破洞牛仔裤女九分裤紧身显瘦弹力小脚铅笔裤价格：228,西瓜家女装定制,36,65,44,//shop63234190.taobao.com,,,,,,,,,,,,,,36
464,杨幂同款裤子欧阳娜娜显瘦不规则开叉黑色高腰牛仔裤女九分小脚裤价格：148,南都之美,36,36,19,//nandouzhimei.taobao.com,,,,,28,,33,29,,,,,29,36
465,逸阳女裤2017新款时尚毛边七分牛仔裤女夏薄款修身显瘦弹力小直筒价格：169,esey逸阳名郎专卖店,36,36,28,//eseyml.tmall.com,25,20,20,15,35,31,36,29,38,17,32,36,29,36
466,显瘦秋装新款百搭高腰牛仔裤秋季小脚铅笔女裤子2017女士韩版长裤价格：198,柏诗雅旗舰店,36,40,60,//baishiya.tmall.com,,,,,,,,,,,,22,,36
467,牛仔裤女春夏季2017新款韩版高腰紧身秋季显瘦铅笔小脚薄款九分裤价格：108,芮丽娅旗舰店,36,36,23,//ruiliya.tmall.com,98,95,95,46,67,51,36,44,,,37,,,36
468,春夏薄款弹力紧身浅色牛仔裤女长裤韩国九分小脚铅笔裤修身牛子裤价格：85,沐妤衣舍,36,36,16,//shop116304064.taobao.com,27,27,27,31,21,32,39,32,37,36,39,51,38,36
469,春夏装新款浅色牛仔裤女士显瘦韩版小脚裤学生弹力修身中腰长裤子价格：198,牛仔girl女裤,36,36,30,//niuzaigirl.taobao.com,37,45,45,61,35,56,44,31,26,36,34,33,29,36
470,逸阳女裤2017新款夏牛仔裤女毛边小脚裤八分裤韩版铅笔裤2015价格：179,逸阳巨米专卖店,36,36,25,//eseyjm.tmall.com,,29,29,39,30,28,27,25,38,28,29,,32,36
471,2017夏季膝盖破洞牛仔裤女紧身弹力显瘦小脚学生九分乞丐铅笔裤潮价格：88,东门女装衣柜,36,36,36,//shop125537505.taobao.com,42,28,28,,37,35,31,29,30,,,34,,36
472,聚ONLY夏装新品褶皱装饰口袋低腰修身小脚牛仔裤女|116332512价格：399,ONLY官方旗舰店,36,36,33,//only.tmall.com,,,,27,16,10,,,,,,,,36
473,七分裤女夏季牛仔裤显瘦铅笔裤7分薄款高腰松紧腰大码五分裤中裤价格：139,贝莎莱旗舰店,36,36,26,//beishalai.tmall.com,30,20,20,27,22,25,18,17,21,25,22,29,30,36
474,2017夏装新款韩版高腰显瘦翻边弹力小脚九分牛仔裤女薄款中裤B83价格：65.9,百分着衣,36,36,13,//shop69667879.taobao.com,35,25,25,35,35,,32,33,36,50,42,33,38,36
475,2017新款春季牛仔裤女秋款小脚裤春秋长裤潮弹力紧身百搭女士裤子价格：188,造上服饰旗舰店,36,36,23,//zaoshang.tmall.com,,19,19,21,22,19,22,24,,,30,,23,36
476,Vero Moda2017夏季新品水洗系扣高腰七分小脚牛仔裤|31726I515价格：479,veromoda官方旗舰店,36,36,29,//veromoda.tmall.com,,9,9,,,,30,16,15,,,,,36
477,聚ONLY早秋含棉修身磨破做旧小脚牛仔裤女|116332520价格：399,ONLY官方旗舰店,36,36,26,//only.tmall.com,,,,,,,,,,,,,,36
478,2017夏季韩版破洞高腰修身九分牛仔裤女学生显瘦弹力小脚铅笔长裤价格：89,GMCJ 国民潮姐,35,35,33,//shop107728152.taobao.com,32,78,78,62,62,92,75,70,73,48,32,31,30,35
479,破洞牛仔裤女春季2017新款夏装裤子韩版显瘦小脚裤学生高腰九分裤价格：119,右风左岸旗舰店,35,35,18,//youfengzuoan.tmall.com,32,,,,28,26,,,30,,36,,,35
480,牛仔裤女夏季2017新款渔网破洞显瘦乞丐裤翻边休闲九分小脚铅笔裤价格：38.8,可人时尚服饰低价优质,35,36,22,//88208.taobao.com,,,,,,,,29,,35,35,36,32,35
481,韩都衣舍2017韩版女装夏装新款弹力修身小脚毛边牛仔裤OU6847蚣鄹瘢258,韩都衣舍旗舰店,35,35,14,//handuyishe.tmall.com,44,21,21,52,31,24,29,44,,174,138,155,71,35
482,牛仔裤女九分裤夏2017新款韩版高腰显瘦黑色破洞小脚裤学生秋装潮价格：128,蕾媛旗舰店,35,35,28,//leiyuannz.tmall.com,,,,,,,,,,,,,35,35
483,春夏季韩版膝盖破洞黑色修身牛仔裤女小脚铅笔乞丐裤九分裤子价格：256,艾斯马服饰旗舰店,35,35,45,//isimar.tmall.com,,,,,,,,,,,,,85,35
484,逸阳女裤2017新款夏七分牛仔裤女宽松短裤7分小脚马裤中裤子薄款价格：159,逸阳颜冉专卖店,35,35,32,//eseyyr.tmall.com,23,24,24,45,21,22,14,17,20,9,9,17,14,35
485,逸阳女裤2017夏新款高腰牛仔裤女小脚裤大码薄弹力韩版铅笔九分裤价格：159,逸阳雅尔达专卖店,35,36,23,//yiyangyed.tmall.com,32,32,32,33,25,30,21,,,25,33,36,34,35
486,高腰牛仔裤女九分裤小脚春夏季2017新款弹力破洞显瘦韩版铅笔裤子价格：108,蓉媛旗舰店,35,35,26,//rongyuan.tmall.com,,27,27,31,35,,26,,,,,,,35
487,2017新款秋季韩版高腰牛仔裤女九分裤紧身显瘦学生弹力小脚铅笔裤价格：168,伊卡儿牛仔馆,35,36,19,//shop136912963.taobao.com,26,36,36,,42,,36,49,52,,,,40,35
488,2017年秋款韩版高腰九分牛仔裤女小脚弹力显瘦铅笔裤卷边学生长裤价格：168,韩刻旗舰店,35,35,33,//hankefs.tmall.com,,,,,,,,,,,,,,35
489,松紧腰带牛仔裤女七分裤高腰显瘦春夏季胖mm大码小脚中裤薄款长裤价格：369,AF时尚屋,35,38,42,//afssw.taobao.com,24,,,26,24,,24,,,25,21,27,26,35
490,夏季薄款bf风韩版修身小脚牛仔裤女高腰显瘦九分裤铅笔裤长裤子秋价格：120,小小鹿晗迷,35,35,28,//shop406972329.taobao.com,,,,,,21,23,42,46,29,28,31,33,35
491,阔色2017秋装新款韩版女装chic紧身显瘦黑色小脚裤长裤牛仔裤预售价格：197,kuose阔色旗舰店,34,34,12,//kuose.tmall.com,31,,,25,20,22,30,,,243,123,94,36,34
492,牛仔裤女秋季2017新款高腰长裤紧身韩版显瘦小脚裤铅笔裤女裤裤子价格：109,芮丽娅旗舰店,34,34,23,//ruiliya.tmall.com,,,,,,19,24,28,29,39,37,25,44,34
493,2017秋季新款牛仔裤女士修身显瘦小脚裤韩版弹力铅笔裤女长裤子潮价格：149,西孚旗舰店,34,34,35,//xifufs.tmall.com,34,34,34,31,30,28,31,31,54,,21,27,23,34
494,伊芙丽2017春夏季新款直筒铅笔裤毛边牛仔裤女九分裤显瘦裤子女夏价格：399,伊芙丽官方旗舰,34,34,32,//eifini.tmall.com,30,18,18,,23,21,,,,,,,,34
495,韩版膝盖破洞长裤高腰弹力毛边牛仔裤女秋学生灰色修身常规铅笔裤价格：99,骞骞韩流风尚,34,35,26,//shop108794512.taobao.com,30,44,44,29,35,27,49,36,24,28,,28,,34
496,牛仔裤女春夏季九分裤2017新款韩版裤子显瘦秋装小脚裤长裤铅笔裤价格：80,册子小姐动漫制定,34,34,55,//shop156228261.taobao.com,,,,,,,,,,,,,30,34
497,秋装女装韩版弹力高腰破洞修身牛仔裤百搭铅笔裤九分裤休闲小脚裤价格：37.98,可可里小姐,34,34,24,//misskkl.taobao.com,29,33,33,48,37,36,29,40,42,33,29,27,,34
498,万年基础款 柔软舒服高弹胖mm 高腰女大码牛仔色九分小脚裤显瘦价格：99,小耳美衣,34,34,28,//sedney98989898.taobao.com,,,,,,,,,,,,,,34
499,春夏韩版黑色高腰牛仔裤女九分裤高弹力9分烟灰色小脚铅笔裤女潮价格：128,cherry私人订制服饰,34,34,26,//shop508352742.taobao.com,,,,,,,35,,,,,,,34
500,2017春夏季新款白色破洞牛仔裤女九分裤小脚裤宽松乞丐哈伦裤子潮价格：176,艾妃尼思服饰旗舰店,34,35,20,//aifeinisi.tmall.com,36,33,33,35,35,41,45,45,42,32,29,33,35,34