热销排名,商品信息,所属店铺,支付子订单数,交易增长幅度,支付转化率指数,日期：20170623,日期：20170624,日期：20170625,日期：20170626,日期：20170627,日期：20170628,日期：20170629
1,2017新款高腰牛仔大码胖mm学生显瘦韩版百搭宽松阔腿超短裤女夏季价格：45,雅羊人旗舰店,2556,-0.0112,185,1,1,1,2,1,2,1
2,2017夏季新款学生破洞牛仔短裤女毛边大码韩版潮宽松显瘦阔腿热裤价格：199,力柏思旗舰店,2219,130.469,206,,,,,,,2
3,白色牛仔短裤女夏韩版2017新款a字超短裤裙宽松高腰大码阔腿热裤价格：298,野田妹旗舰店,1868,-0.0742,145,15,11,9,9,5,4,3
4,牛仔短裤女2017夏新款韩版高腰显瘦a字裤子宽松阔腿热裤刺绣裤裙价格：298,皇袍旗舰店,1789,0.034,168,10,6,4,5,6,9,4
5,夏季白色牛仔短裤女高腰排扣宽松学生破洞毛边阔腿裤弹力显瘦热裤价格：168,简芭朵旗舰店,1569,-0.0184,170,8,8,5,6,7,10,5
6,牛仔短裤女夏白色2017新款高腰韩版宽松大码显瘦胖mm学生百搭热裤价格：109,慕汀服饰旗舰店,1508,-0.1447,162,20,12,11,7,4,8,6
7,高腰破洞牛仔短裤女夏潮毛边阔腿胖mm200斤宽松加肥加大码a字热裤价格：25.8,Since2015  沫沫家,1471,-0.2303,202,4,2,2,3,3,5,7
8,夏装女装韩版高腰阔腿裤宽松显瘦毛边缺口白色牛仔裤短裤学生热裤价格：29.98,可可里小姐,1453,-0.0584,163,41,41,41,19,24,11,8
9,2017夏季新款个性系带毛边牛仔短裤高腰显瘦休闲阔腿裤热裤女学生价格：36.8,三角衣柜,1397,2.2886,163,390,382,489,490,,139,9
10,毛边高腰短裤牛仔夏女韩版学生宽松阔腿热裤显瘦2017新款短裤白色价格：168,纪悦旗舰店,1350,-0.0215,179,11,9,10,10,9,14,10
11,200斤夏季胖mm加肥加大码女装松紧腰阔腿宽松破洞牛仔裤女短裤潮价格：188,yy潮流八爪娘娘西西小可6度梦梦家,1280,-0.158,301,109,67,43,15,11,12,11
12,2107夏季牛仔短裤女韩版破洞毛边胖妹妹180斤宽松显瘦阔腿热裤潮价格：85,裙彩飞扬伊雅雅,1200,0.0897,227,83,78,53,41,16,23,12
13,超短裤女夏季韩版宽松百搭毛边高腰显瘦阔腿学生破洞牛仔裤热裤潮价格：19.98,HL哈喽妹妹,1175,-0.0753,153,12,10,6,8,10,17,13
14,白色破洞高腰牛仔短裤女夏季2017新款韩版百搭宽松大码胖mm热裤bf价格：130,雅姿娘 YZN原创定制,1173,-0.0979,184,17,17,14,11,17,15,14
15,牛仔超短裤女夏2017新款高腰流行韩版百搭显瘦便宜破洞白色热裤子价格：298,安玖服饰专营店,1172,0.0183,181,29,18,20,26,14,19,15
16,短裤女夏2017新款气质高腰韩版宽松显瘦学生热裤潮破洞白色牛仔裤价格：198,娜诗恋旗舰店,1127,0.0763,230,99,115,32,45,31,25,16
17,高腰牛仔短裤女夏2017新款韩版宽松阔腿裤卷边A字热裤学生超短裤价格：189,知讯旗舰店,1088,-0.0104,200,23,21,17,18,13,22,17
18,【GG】背带裤女夏白色牛仔短裤韩版新款吊带裤宽松显瘦学生连体裤价格：222,GG house 郭郭定制,1014,0.6693,112,,449,,439,,82,18
19,超短裤女夏2017新款高腰韩版宽松显瘦学生热裤潮破洞白色牛仔短裤价格：118,索斐春天旗舰店,1012,-0.0513,149,14,13,15,14,12,24,19
20,牛仔短裤女夏高腰宽松弹力热裤夏季女2017新款韩版a字学生阔腿裤价格：88,卡帛莉旗舰店,988,0.031,169,32,32,29,21,21,29,20
21,白色毛边牛仔短裤女破洞夏季阔腿宽松显瘦高腰大码A字型热裤学生价格：99,artinside旗舰店,948,0.0139,188,16,15,13,16,19,34,21
22,牛仔短裤女夏2017新款高腰流行韩版宽松学生百搭显瘦毛边白色热裤价格：298,爱衣频道旗舰店,921,0.3759,150,,,,,,141,22
23,高腰牛仔短裤女夏白色百搭宽松学生韩版显瘦破洞牛仔短裤女热裤潮价格：109,尚琛旗舰店,884,0.0125,168,24,16,31,25,18,39,23
24,春夏季薄款bf风韩版浅色破洞牛仔裤女高腰宽松显瘦九分裤哈伦裤子价格：199,flavie服饰旗舰店,878,-0.0414,179,18,20,16,17,15,35,24
25,2017新款韩版学生高腰破洞毛边黑色牛仔短裤女夏季宽松阔腿热裤子价格：98,布俏旗舰店,876,-0.0679,154,33,25,22,22,22,33,25
26,2017韩时尚高腰大码破洞牛仔短裤女夏宽松百搭显瘦学生热裤送腰带价格：118,品牛仔紫沫店,865,-0.2184,189,37,30,25,33,49,21,26
27,夏季新款高腰牛仔短裤女大码宽松胖mm阔腿四分bf风热裤五分中裤薄价格：98,LORI女生,850,-0.0919,182,135,111,57,39,39,32,27
28,2017新款韩版时尚百搭a字宽松高腰牛仔短裤裙女夏显瘦薄阔腿热裤价格：99,初牛旗舰店,836,0.1065,202,27,36,40,36,42,48,28
29,夏季学生白色弹力破洞牛仔短裤女毛边大码韩版潮宽松显瘦阔腿热裤价格：308,attainluxury奢臻旗舰店,819,0.0294,213,19,22,24,24,27,46,29
30,牛仔短裤女夏季破洞毛边高腰白色宽松学生阔腿牛仔裤显瘦百搭热裤价格：99,KO裤业总店,807,-0.2021,212,7,5,3,4,8,28,30
31,【GabyStudio】我的牛仔短裤  推荐价格：299,加比GabyStudio,796,0,338,,,,,,,31
32,高腰牛仔短裤女夏2017新款韩版白色破洞毛边超短裤学生宽松热裤潮价格：109,萝衣莉旗舰店,794,-0.0443,203,72,71,108,49,29,41,32
33,毛边牛仔短裤女夏2017新款高腰韩版白色阔腿胖mm宽松大码a字热裤价格：98,欣嘉霓旗舰店,771,0.0233,205,46,44,51,43,34,51,33
34,牛仔短裤女夏高腰韩版大码胖mm学生百搭松紧腰显瘦热裤2017新款潮价格：298,库碧旗舰店,765,-0.0512,165,40,34,36,30,26,43,34
35,粉色彩边牛仔短裤女夏2017新款韩版流苏破洞宽松阔腿热裤高腰显瘦价格：109,简尚轩,755,-0.1657,127,30,35,34,28,23,36,35
36,黑色破洞牛仔短裤女夏2017新款高腰百搭显瘦韩版学生时尚修身弹力价格：169,潮元素韩版女装,751,-0.1449,174,38,29,30,27,33,38,36
37,天天特价白色牛仔短裤女夏学生高腰破洞毛边简约大码宽松阔腿热裤价格：69.8,MG大咖 原创设计,738,51.8886,220,,,,,,,37
38,牛仔短裤女夏白色高腰卷边宽松显瘦2017新款a字韩版学生阔腿热裤价格：199,WDXJ 独家定制,728,-0.0422,241,43,46,38,44,40,49,38
39,牛仔短裤女夏中腰弹力翻边破洞毛边大码韩版修身显瘦学生短裤女夏价格：108,摩狮顿旗舰店,719,-0.0329,177,36,24,33,42,28,52,39
40,CHICVEN自制夏季新款 复古高腰显瘦阔腿翻边卷边牛仔短裤热裤 女价格：75,CHIC VEN,711,-0.2819,169,74,72,61,68,110,27,40
41,高腰破洞牛仔短裤女夏潮毛边阔腿胖mm200斤宽松加肥加大码a字热裤价格：29.9,Since2015  沫沫家,703,0.0729,183,31,37,39,40,41,68,41
42,初牛2017夏季新款牛仔短裤女中腰弹力显瘦学生韩版休闲宽松热裤潮价格：198,初牛旗舰店,698,-0.1003,178,51,40,46,38,37,47,42
43,高腰牛仔短裤女夏学生卷边宽松显瘦a字短裤阔腿裤大码热裤女韩版价格：99,左岸偌安旗舰店,693,-0.006,145,34,33,42,23,44,60,43
44,黑白灰色高腰牛仔短裤女夏毛边胖mm加肥大码宽松200斤韩版热裤潮价格：29.9,Since2015  沫沫家,692,-0.0483,151,25,23,26,31,43,56,44
45,超短裤女夏季韩版宽松百搭毛边高腰显瘦阔腿学生破洞牛仔裤热裤潮价格：19.9,苏菲家潮人馆,689,-0.0284,176,59,57,54,48,48,62,45
46,松紧腰高腰牛仔短裤女夏韩版2017新款宽松胖mm卷边显瘦大码短裤潮价格：89,卿若服饰旗舰店,683,-0.0238,144,67,52,49,61,52,65,46
47,cheeseY 夏季牛仔短裤女高腰韩版宽松学生黑色毛边阔腿显瘦热裤潮价格：6,666,cheeseY studio 芝柚定制,677,-0.273,101,73,79,80,76,105,31,47
48,韩版新款高腰破洞牛仔短裤女夏胖mm大码阔腿裤显瘦性感毛边热裤潮价格：79,喜登米莱旗舰店,671,-0.0445,221,49,39,37,32,38,54,48
49,黑色高腰前短后长牛仔短裤女夏毛边热裤胖mm加肥加大码宽松200斤价格：19.9,Sun goddess衣橱,668,-0.0921,177,213,134,117,80,45,58,49
50,牛仔短裤女夏季白色百搭牛仔裤2017新款韩版宽松学生高腰显瘦热裤价格：79,慕汀服饰旗舰店,668,-0.0425,186,54,61,52,57,50,67,50
51,黑色高腰chic短裤女夏2017新款复古显瘦阔腿卷边白色牛仔短裤热裤价格：188,SL潮流女装馆,630,-0.2569,217,42,42,35,34,83,37,51
52,高腰破洞牛仔短裤女夏宽松学生牛仔裤ulzzang超短裤chic短裤女夏价格：35,RPIN瑞品韩版日系女装,624,-0.0901,182,235,199,223,143,263,64,52
53,2017韩版新款大码胖mm毛边绑带高腰牛仔短裤女夏宽松显瘦阔腿热裤价格：99,胖MM大购物,624,0.2878,196,365,283,200,96,87,118,53
54,夏季学生白色弹力破洞牛仔短裤女毛边大码韩版潮宽松显瘦阔腿热裤价格：39.98,小菲家新款每日更新,621,-0.0554,171,39,38,27,37,35,69,54
55,千衣百酷2017夏季新款高腰破洞牛仔短裤女韩版百搭宽松显C热裤潮价格：110,千衣百酷旗舰店,614,-0.0103,139,50,50,59,50,55,74,55
56,牛仔短裤女夏高腰韩版宽松学生百搭显瘦牛仔裤热裤子2017夏季新款价格：88,爱梦雅旗舰店,605,-0.1503,156,53,45,50,35,36,61,56
57,高腰排扣性感破洞牛仔短裤女学生毛边2017夏新款韩版a字阔腿热裤价格：29.9,Since2015  沫沫家,603,-0.1798,178,26,31,23,29,32,42,57
58,夏季牛仔短裤女高腰韩版学生破洞修身阔腿宽松卷边白色百搭热裤价格：299,素柏旗舰店,590,-0.2016,167,21,19,21,20,20,53,58
59,牛仔短裤女夏韩版大码胖mm松紧腰五分裤2017新款宽松高腰阔腿热裤价格：168,stylegoodyou旗舰店,582,-0.1777,202,79,82,102,63,53,63,59
60,黑色牛仔短裤女夏白色2017新款外穿显瘦高腰宽松韩版学生a字阔腿价格：138,简卡奴旗舰店,574,-0.0809,137,143,107,81,74,69,73,60
61,修身小脚牛仔裤女七分裤 夏季薄款韩版显瘦大码中裤女7八分裤子潮价格：98,迈可思旗舰店,570,-0.0325,225,55,54,44,47,47,77,61
62,2017夏季新款韩版潮显瘦松紧腰抽绳哈伦裤柔软天丝牛仔裤女七分裤价格：198,米拉的幸福时光,538,4.798,92,,,,,,,62
63,夏装女装韩版宽松高腰毛边牛仔裤短裤小开叉阔腿裤学生热裤显瘦潮价格：29.98,可可里小姐,537,-0.1395,156,198,172,133,104,176,72,63
64,高腰牛仔裤女九分裤春夏季2017新款韩版破洞学生铅笔裤黑色小脚裤价格：99,本真之美旗舰店,528,-0.1031,185,61,60,62,54,54,75,64
65,2017大码毛边牛仔短裤女夏新款韩版学生高腰宽松破洞胖mm阔腿热裤价格：129,尚兰奴旗舰店,528,-0.0348,143,112,124,12,13,67,86,65
66,欧洲站破洞高腰牛仔短裤女士夏装2017新款大码显瘦时尚卷边热裤潮价格：159,郁小朵,527,-0.1779,189,65,66,72,70,65,70,66
67,新款高腰黑色显瘦卷边牛仔裤女韩版春夏季百搭女士九分铅笔小脚裤价格：198,绒懿旗舰店,524,-0.1045,188,66,65,63,51,46,76,67
68,毛边牛仔短裤女夏2017新款高腰韩版白色阔腿胖mm宽松大码a字热裤价格：98,欣嘉霓旗舰店,519,-0.0044,191,474,317,251,130,72,97,68
69,网格破洞牛仔短裤女夏新款高腰毛边渔网拼接短裤个性显瘦阔腿热裤价格：139,小歪潮流女装,519,-0.051,200,56,56,48,46,56,89,69
70,牛仔短裤女2017夏季新款韩版高腰做旧破洞毛边宽松显瘦学生热裤潮价格：19,Nice潮人馆,517,-0.0676,158,76,55,56,62,61,87,70
71,2017夏百搭大码破洞牛仔背带短裤女 学生宽松韩版吊带高腰连体裤价格：96,蔚之新蓝,510,-0.1027,187,117,135,148,95,156,81,71
72,高腰牛仔短裤女夏季2017新款韩版学生宽松翻边热裤百搭破洞超短裤价格：108,书香谷旗舰店,506,-0.0702,166,137,84,93,64,70,92,72
73,高腰牛仔裤女九分裤夏装2017春夏季新款韩版显瘦小脚长裤铅笔裤子价格：128,爱斯麦乐驹专卖店,506,-0.0265,175,47,58,58,60,57,96,73
74,牛仔短裤女夏2017新款韩版破洞宽松显瘦学生卷边阔腿热裤超短裤潮价格：139,凸傲旗舰店,506,0.0647,161,86,76,75,81,77,115,74
75,2017新款高腰牛仔短裤女韩版破洞宽松a字热裤子阔腿毛边夏季学生价格：239,imivanmorgan旗舰店,502,-0.7565,119,,,,,,7,75
76,韩国ulzzang原宿风bf高腰水洗不规则毛边牛仔裤女宽松阔腿短裤女价格：19.98,小公主家,501,-0.1093,167,90,88,67,58,76,85,76
77,2017春夏女装高弹力大码修身显瘦卷边浅色高腰牛仔短裤热裤包邮价格：199,格秋旗舰店,500,-0.0416,186,78,63,71,73,71,95,77
78,2017新款高腰短裤牛仔女夏破洞韩版学生宽松阔腿热裤显瘦白色百搭价格：48,丝洋旗舰店,499,-0.1477,189,121,94,73,53,51,78,78
79,2017新款韩版牛仔短裤女夏季学生高腰白色大码宽松破洞阔腿热裤子价格：100,爱莱蒙旗舰店,499,-0.0845,206,57,70,66,52,59,90,79
80,流苏毛边高腰牛仔短裤女夏季宽松阔腿热裤学生修身a字白色短裤子价格：159,简希玛旗舰店,490,-0.0558,165,80,49,70,66,60,99,80
81,韩版新款夏装个性破洞牛仔裤女宽松显瘦毛边短裤阔腿热裤休闲裤子价格：89.99,小V家实拍女装,486,1.1616,177,226,240,229,277,299,354,81
82,逸阳女裤2017夏新款韩版牛仔短裤时尚破洞直筒裤女显瘦热裤薄0067价格：129,逸阳旗舰店,478,-0.0721,168,,,,,30,102,82
83,2017韩版大码牛仔短裤女夏装新款学生百搭a字热裤宽松显瘦阔腿裤价格：85,雅莉派时尚女装,476,0.1325,148,,,279,231,130,144,83
84,港味复古chic风气质显瘦高腰阔腿裤长裤夏宽松百搭休闲牛仔裤潮女价格：42,港妹潮人馆,474,-0.1601,184,434,391,380,260,413,84,84
85,韩版高腰不规则破洞牛仔短裤女夏宽松毛边烟灰色学生百搭阔腿热裤价格：113,奶茶女装衣舍,472,-0.1401,141,71,77,77,69,75,88,85
86,韩版复古chic风新款长裤侧边拉链高腰阔腿裤夏季宽松休闲裤牛仔裤价格：44,小宅女大购物 xiaozhainv 小宅女家 xiao zhai nv,472,-0.0845,147,314,242,123,109,175,101,86
87,夏季高腰牛仔短裤女 宽松卷边阔腿裤大码破洞显瘦a字热裤韩版学生价格：98,杜凡尔顿旗舰店,470,-0.0083,158,98,74,65,71,68,114,87
88,2017新款松紧腰牛仔短裤女夏韩版高腰薄款毛边热裤修身显瘦翻边裤价格：258,艾酷佳人女装品牌店,466,-0.087,210,68,59,78,65,84,105,88
89,夏装女装韩版基础款高腰宽松阔腿裤2017新款卷边短裤牛仔裤显瘦潮价格：29.88,可可里小姐,466,-0.0816,187,160,156,139,116,149,100,89
90,夏季薄款bf风韩版破洞牛仔裤女9分高腰宽松显瘦九分裤哈伦裤子价格：118,乐诗朵旗舰店,464,0.1457,188,,406,326,249,122,154,90
91,玛玛绨2017夏季新款黑色牛仔裤韩版宽松阔腿显瘦高腰休闲短裤女潮价格：178,maxmartin玛玛绨旗舰店,462,456.6671,136,,80,160,305,,,91
92,牛仔短裤女夏白色高腰2017新款韩版宽松学生百搭大码胖mm显瘦热裤价格：288,香舒婷旗舰店,454,-0.1265,160,52,51,60,59,64,98,92
93,67元包邮 年中大促 6.28号10点开抢 MG小象 牛仔短裤价格：138,MG小象欧美街拍时尚女装,451,-0.6526,133,,,,,,16,93
94,高腰牛仔短裤女夏装胖mm宽松200斤加肥加大码显瘦阔腿破洞a字热裤价格：99,胖MM大购物,450,0.1,201,,374,330,147,97,153,94
95,MG小象牛仔短裤女装夏2017新款高腰显瘦开叉毛边直筒裤超短热裤聚价格：118,MG小象欧美街拍时尚女装,437,-0.4172,150,,,,,,50,95
96,【GG】 韩版蓝色高腰牛仔短裤女夏学生大码热裤宽松显瘦阔腿裤子价格：999,GG house 郭郭定制,436,-0.1934,105,297,226,260,229,362,91,96
97,春夏女装2017韩版个性百搭不规则破洞毛边牛仔短裤高腰显瘦阔腿裤价格：29.98,可可里小姐,435,-0.1194,192,154,113,145,112,103,108,97
98,白色牛仔短裤女夏2017新款高腰破洞修身显瘦韩版毛边百搭阔腿裤价格：158,彩依恋旗舰店,435,0.0506,134,128,92,98,103,101,152,98
99,夏装2017新款韩版百搭显瘦毛边流苏高腰牛仔阔腿短裤学生热裤女潮价格：129.9,优购女装独家定制,435,0.0345,140,164,139,137,127,144,142,99
100,MG小象高腰牛仔短裤女夏2017新款韩版毛边a字热裤破洞阔腿裤子潮价格：138,MG小象欧美街拍时尚女装,432,-0.8217,136,316,311,294,,,3,100
101,牛仔短裤夏季女2017新款韩版高腰宽松破洞毛边学生阔腿裤显瘦热裤价格：139,纯儿服饰旗舰店,432,-0.0092,185,62,75,7,12,74,133,101
102,松紧腰宽松加肥加大码胖mm200斤牛仔短裤女夏季薄七分裤中裤马裤价格：129,牛 家 河 儿,430,-0.017,203,58,43,45,56,79,128,102
103,镇店之宝！2017韩版百搭卷边弹力高腰浅色纯色修身牛仔短裤女裤价格：69,hello丑八怪,427,-0.0123,125,92,100,91,72,93,134,103
104,娅谷奈 牛仔短裤女夏2017新款 韩版百搭高腰宽松破洞学生阔腿热裤价格：158,娅谷奈旗舰店,426,-0.1377,181,302,151,157,98,91,111,104
105,牛仔短裤女2017夏新款韩版高腰显瘦a字裤子宽松阔腿热裤简约裤裙价格：298,fxdis旗舰店,426,0.0276,146,87,122,111,110,92,148,105
106,韩版2017新款磨破洞不规则修身显瘦热裤高腰毛边流苏牛仔短裤女夏价格：169,衣艺社日韩女装,425,-0.0422,147,254,219,207,134,136,129,106
107,高腰牛仔短裤女夏2017新款显瘦韩版百搭学生热裤潮短裤ulzzang女价格：159,Chenkengwei,425,-0.0986,120,182,138,110,84,86,122,107
108,高腰牛仔短裤女夏宽松韩版大码胖mm学生百搭松紧腰显瘦2017新款潮价格：269,紫霞仙子与牛仔,424,-0.1443,192,60,68,69,86,63,110,108
109,牛仔短裤女夏季学生白色破洞毛边韩版宽松超短裤大码高腰阔腿热裤价格：100,罗塔依曼旗舰店,422,0.0004,189,120,121,113,108,85,140,109
110,2017夏季新款高腰a字显瘦chic牛仔短裤宽松韩版破洞阔腿热女学生价格：29.8,三角衣柜,419,-0.1082,157,,,448,383,251,116,110
111,牛仔短裤女士夏韩版宽松破洞毛边超短裤学生高腰显瘦A字热裤潮价格：158.99,LeeUS旗航店,414,-0.4379,193,13,26,,,2,55,111
112,夏季韩版女装高腰显瘦毛边牛仔短裤宽松百搭牛仔裤阔腿裤学生热裤价格：31,梦露日记时尚女装,413,-0.106,182,,389,318,281,347,121,112
113,牛仔裤女春夏季2017新款裤子韩版百搭高腰热裤毛边黑色牛仔短裤夏价格：118,安诺黎,405,-0.1491,132,133,132,121,94,116,117,113
114,2017夏季破洞牛仔短裤女 韩版磨破大码毛边卷边薄款显瘦热裤子价格：128,美丽印象私人订制,402,0.019,225,179,150,172,131,120,157,114
115,2017韩国破洞牛仔短裤女夏高腰白色毛边弹力热裤薄款a字裤学生潮价格：99,知心羊旗舰店,402,10.1347,280,,91,,,,,115
116,2017新款七分牛仔裤女小脚修身弹力高腰薄款中裤翻边百搭马裤女夏价格：299,柔伊美旗舰店,399,-0.0099,190,70,89,79,78,66,156,116
117,牛仔短裤女夏2017新款宽松韩版显瘦大码胖mm学生高腰破洞五分裤潮价格：269,曼茵服饰有限公司,399,0.0162,173,177,193,138,105,117,158,117
118,新款高腰破洞牛仔短裤女夏季宽松显瘦薄款学生阔腿大码松紧腰热裤价格：128,鑫蓉牛仔,396,-0.156,210,116,105,100,87,78,123,118
119,高腰阔腿白色牛仔短裤女夏学生百搭宽松显瘦a字大码翻边韩版热裤价格：108,布衣天成旗舰店,394,0.1052,159,96,95,90,101,95,176,119
120,毛边流苏侧边条裤破洞高腰短裤夏女2017新款夏季韩版牛仔裤子热裤价格：105,yula羽拉 实拍女装,394,-0.0609,121,107,98,126,126,148,151,120
121,韩版新款女装牛仔裤女显瘦高腰休闲牛仔短裤女夏季百搭破洞热裤潮价格：18.39,壹号人家女装批发,393,-0.1552,199,100,104,95,88,88,136,121
122,2017春夏季新款破洞牛仔裤女九分裤韩版宽松显瘦乞丐小脚裤哈伦裤价格：189,风恬旗舰店,391,-0.095,123,119,86,106,82,104,137,122
123,高腰牛仔短裤女夏季学生黑色毛边短裤韩版宽松超短裤大码aa热裤潮价格：60,优裤米折折扣店,390,0.0966,185,180,,194,135,261,177,123
124,2017夏季白色牛仔短裤女高腰宽松刺绣破洞学生显瘦阔腿裤毛边热裤价格：99,KOKO LADY时尚女装,390,-0.1995,102,149,162,190,172,205,83,124
125,弹力紧身破洞七分牛仔裤女夏铅笔七分裤薄款修身小脚中裤百搭夏季价格：249,澜克利莎工厂店,387,0.0649,204,88,87,86,89,81,172,125
126,牛仔短裤女夏高腰宽松破洞热裤春季女2017新款韩版a字学生阔腿裤价格：90,东哞旗舰店,384,-0.0703,162,69,62,68,85,80,143,126
127,白色牛仔短裤女夏2017新款高腰韩版学生毛边宽松显瘦a字阔腿热裤价格：99,Athena红人馆,379,0.2195,200,202,212,156,160,199,208,127
128,女装 高腰宽腿七分牛仔裤(水洗产品) 402703 优衣库UNIQLO价格：249,优衣库官方旗舰店,377,-0.6786,157,,,,,,18,128
129,韩势 新款韩版浅色高腰阔腿牛仔裤女夏九分裤直筒裤宽松显瘦潮价格：189.9,韩势定制,377,-0.0845,88,330,320,286,195,344,150,129
130,黑牡丹牛仔时光2017夏季新款女式牛仔裙 提臀修身 牛仔短裙簿款价格：228,黑牡丹牛仔时光店,377,1.2367,200,,,,,,,130
131,夏装女装韩版开叉破洞显瘦毛边牛仔裤高腰百搭直筒裤短裤学生热裤价格：29.98,可可里小姐,370,-0.1745,194,175,154,119,159,188,126,131
132,2017春夏新款韩版高腰不规则毛边白色牛仔短裤女学生个性热裤子女价格：110,圣妮儿旗舰店,369,-0.0258,132,106,114,103,79,124,166,132
133,2017百搭新款破洞牛仔短裤女夏季弹力热裤学生显瘦韩版毛边短裤潮价格：78,《韩美》,364,-0.1973,202,453,378,,341,109,124,133
134,韩版chic学院风宽松显瘦浅色牛仔背带裤女学生休闲阔腿短裤连体裤价格：26.8,七格格女衣坊,363,-0.1411,159,159,128,96,114,111,145,134
135,小番茄定制裙裤女夏季时尚2017新款显瘦牛仔短裤韩版宽松小热裤价格：109,小番茄 定制,362,-0.2675,100,207,159,140,140,193,107,135
136,牛仔短裤女夏季2017新款韩版宽松高腰超短牛仔裤显瘦阔腿毛边热裤价格：79,FJW Awen定制女装,361,-0.271,126,124,148,169,133,196,109,136
137,牛仔背带短裤女夏装2017新款韩版宽松高腰显瘦学生百搭阔腿连体裤价格：89,FANG WOMEN 阿文定制女装,359,-0.1468,66,,352,267,218,286,147,137
138,2017夏装新款韩版毛边蓝色牛仔长裤女宽松直筒九分裤chic阔腿裤子价格：98.75,STYLEYINZ小银子定制女装,359,-0.3176,108,148,180,232,165,288,94,138
139,2017新款高腰破洞白色牛仔短裤女夏韩版宽松显瘦毛边学生阔腿热裤价格：198,FunFunGirl 韩国女装,355,-0.0843,196,108,112,89,93,82,163,139
140,2017新款韩版夏季开叉毛边高腰牛仔短裤女宽松假两件裙裤薄款热裤价格：93.75,小鹿要飞 杨雅熙定制,354,-0.2138,105,274,198,182,144,169,131,140
141,夏季新款高腰牛仔短裤女士松紧腰宽松四分裤a裤排扣大码收腹胖mm价格：199,狐卡尼网上商城,354,-0.0426,230,130,108,109,113,102,169,141
142,韩版春装女装时尚破洞毛边牛仔短裤高腰百搭阔腿裤学生牛仔裤显瘦价格：29.88,可可里小姐,351,-0.1184,204,193,169,147,128,171,155,142
143,白色牛仔短裤女夏2017新款韩版百搭破洞大码热裤卷边高腰超短裤薄价格：298,琪娜公主旗舰店,347,0.3459,114,,,,,316,308,143
144,FFSTUDIO定制 百搭推荐 两米腿高腰三粒扣毛边阔腿牛仔裤价格：149,FFSTUDIO,343,0,180,,,,,,,144
145,蜜妃儿2017夏季新款女装韩版高腰牛仔短裤女夏热裤显瘦不规则下摆价格：116,蜜妃儿旗舰店,340,-0.283,99,97,90,97,83,100,119,145
146,2017黑色新款破洞牛仔裤女春季韩版九分裤学生铅笔裤女高腰小脚裤价格：128,十翼旗舰店,338,-0.0386,178,103,93,107,106,98,185,146
147,牛仔短裤女2017春夏季新款学生高腰白色百搭超短热裤韩版宽松显瘦价格：88,旗维斯旗舰店,334,-0.2903,137,85,64,76,97,73,120,147
148,JHXC 明线装饰高腰宽松牛仔裤女夏季显瘦短裤黑白色阔腿裤热裤潮价格：78,酒红咸菜,334,0.025,125,,437,429,409,,195,148
149,宽松破洞牛仔裤女九分裤春夏季新款高腰显瘦哈伦裤薄款百搭乞丐裤价格：168,诺奇欣旗舰店,331,-0.0746,143,93,73,64,77,89,175,149
150,薄款牛仔裤女春夏季2017新款高腰显瘦八分阔腿裤毛边九分微喇叭裤价格：138,蒙奴莎旗舰店,331,-0.0656,95,102,103,87,125,133,181,150
151,牛仔短裤春季女2017新款韩版夏宽松学生高腰阔腿热裤子破洞bf百搭价格：15,小新家 每天上新,329,0.0302,163,360,279,159,194,139,201,151
152,破洞九分牛仔裤女春夏季2017新款潮韩版百搭学生显瘦高腰黑色裤子价格：1,980,爱衣频道旗舰店,328,-0.1774,187,129,106,114,90,90,162,152
153,2017夏季宽松可爱小清新森女系牛仔背带裤连体裤吊带韩版潮学生价格：119,戚米旗舰店,328,0.0062,63,324,294,320,258,223,197,153
154,短裤女夏2017新款韩版春季高腰修身显瘦学生百搭毛边破洞白色牛仔价格：99,梦希曼旗舰店,327,0.0005,182,,,208,117,141,193,154
155,五分裤女夏薄款大码胖mm宽松韩版阔腿热裤松紧腰休闲天丝牛仔短裤价格：119,三桔旗舰店,326,0.1364,141,293,306,298,234,172,239,155
156,高腰破洞阔腿休闲条纹牛仔短裤女夏韩版黑色宽松显瘦短牛仔热裤潮价格：180,Nina韩国站,324,-0.0859,154,114,110,116,91,115,179,156
157,2017春夏季新款韩版浅色破洞牛仔裤女高腰宽松显瘦九分裤哈伦裤子价格：168,巩迪旗舰店,324,0.0872,194,131,116,125,137,113,223,157
158,2017夏装新款韩版高腰流苏须须白色牛仔裤女装直筒裤子短裤热裤潮价格：18.5,yy潮流精品女装新店,322,-0.2244,276,,,,,,146,158
159,【钱夫人】CHINSTUDIO定制复古气质率性显比例腰头绑带牛仔阔腿裤价格：149,钱夫人家 雪梨定制,321,-0.8989,134,,,,,,1,159
160,牛仔短裤女夏高腰宽松显瘦阔腿牛仔裤2017新款潮韩版学生百搭热裤价格：79,茉语家,320,-0.2572,139,281,293,216,177,310,135,160
161,牛仔春夏季2017新款学生显瘦韩版高腰宽松阔腿女士胖mm白色超短裤价格：55,雅羊人旗舰店,320,0.0008,198,205,163,136,146,126,200,161
162,春夏女装韩版宽松百搭学院风牛仔裤背带裤工装裤短裤潮阔腿裤显瘦价格：39.98,可可里小姐,319,-0.1646,98,200,187,224,193,241,165,162
163,夏季韩版女装高腰显瘦卷边牛仔阔腿裤女短裤宽松百搭学生休闲热裤价格：39,梦露日记时尚女装,314,-0.1467,176,,,422,377,,173,163
164,港味复古chic风高腰显瘦毛边破洞牛仔短裤女百搭宽松阔腿热裤子潮价格：31,港妹潮人馆,313,-0.1147,197,397,369,325,290,378,183,164
165,夏装女装韩版高腰显瘦百搭牛仔裤短裤2017新款时尚宽松毛边阔腿裤价格：29.98,可可里小姐,312,-0.1231,183,224,230,209,185,213,178,165
166,复古港味chic风超级显瘦显腿长侧拉链高腰毛边阔腿裤牛仔裤女裤价格：35,港味潮人馆,311,-0.1242,102,153,144,151,99,106,182,166
167,夏季新款毛边破洞牛仔短裤女韩版高腰大码显瘦阔腿裤学生热裤子潮价格：129,铅笔奇奇旗舰店,307,0.1929,166,105,109,129,120,121,290,167
168,高腰牛仔短裤女夏破洞宽松韩版显瘦学生卷边阔腿牛仔裤热裤超短裤价格：138,米阁娜服饰旗舰店,305,-0.0162,130,174,123,127,148,125,211,168
169,2017新款磨破牛仔短裤女夏季不规则高腰五分裤直筒裤热裤学生中裤价格：25.8,月牙城,305,-0.2713,175,218,204,219,223,221,138,169
170,2017新款韩版高腰毛边破洞牛仔短裤女夏季宽松显瘦浅色阔腿热裤潮价格：108,vekees服饰旗舰店,304,0.0431,120,203,189,161,166,185,236,170
171,WR烟灰色毛边破洞牛仔短裤女夏高腰学生a字宽松阔腿热裤大码新款价格：199,wr旗舰店,304,0.1125,121,255,228,8,188,220,261,171
172,MLS 2017夏季新款韩国高腰宽松显瘦休闲长裤子潮牛仔裤阔腿裤女潮价格：199,Mlife Studio MLS高端定制,302,-0.2286,76,322,289,349,304,484,160,172
173,玛玛绨2017夏装新款时尚休闲刺绣白色宽松破洞牛仔背带裤女九分裤价格：538,maxmartin玛玛绨旗舰店,302,0.2331,78,,,,111,123,321,173
174,尚驭牛仔短裤夏季女士2017新款韩版个性百搭修身卷边破洞中腰热裤价格：258,尚驭服饰旗舰店,300,0.1458,132,150,152,196,169,184,287,174
175,牛仔五分裤女夏宽松显瘦学生韩国高腰短裤女胖MM大码破洞直筒休闲价格：139,风格馆专柜,300,0.052,230,139,140,143,123,119,249,175
176,2017春夏季新款潮破洞牛仔短裤女裤韩版显瘦高腰宽松学生阔腿热裤价格：59,宜情旗舰店,299,-0.0496,127,134,141,154,139,128,207,176
177,韩版牛仔短裤女夏季白色毛边学生高腰宽松大码胖mm阔腿a字热裤潮价格：108,N7仓储,299,0.1059,169,476,175,135,259,208,273,177
178,2017夏季新款韩版潮宽松直筒柔软舒适薄款天丝牛仔九分裤女阔腿裤价格：198,米拉的幸福时光,294,3.0736,85,,,,,,,178
179,2017夏季学生白色破洞牛仔短裤女毛边韩版宽松显瘦阔腿热裤潮气质价格：118,蘑菇头小米旗舰店,294,-0.0676,181,91,85,88,92,107,205,179
180,牛仔短裤女夏季2017新款韩版百搭弹力磨破洞显瘦学生毛边热裤子潮价格：168,怜雪服饰旗舰店,292,0.0485,192,151,142,152,118,132,260,180
181,超短裤女夏2017新款潮韩版百搭高腰显瘦热裤夏季黑色休闲牛仔短裤价格：76,KCSTUDIO女装定制 KC家,289,-0.2359,149,214,247,199,246,272,164,181
182,高腰牛仔短裤女夏季弹力白色A字破洞卷边韩版宽松大码阔腿热裤潮价格：79,艾莲奴旗舰店,288,-0.117,182,491,373,213,226,159,196,182
183,2017夏季时尚宽松大码胖mm可穿破洞水洗牛仔掉档垮裤中裤背带裤价格：69.9,布拉诺优质潮流女装,283,-0.1372,134,155,160,185,278,368,194,183
184,MG小象牛仔裤女夏季2017新款韩版百搭宽松阔腿裤bf风高腰短裤热裤价格：158,MG小象欧美街拍时尚女装,278,-0.6477,102,329,318,291,,,44,184
185,春夏季薄款bf风韩版白色破洞牛仔裤女高腰宽松显瘦九分裤哈伦裤子价格：128,巩迪旗舰店,278,0.0775,168,195,194,179,293,264,297,185
186,vinnie弹力夏季韩版高腰复古牛仔短裤女夏潮紧身显瘦毛边开叉热裤价格：98,美中布族,277,-0.2333,140,287,248,275,263,411,174,186
187,收腹牛仔短裤女夏高腰卷边显瘦排扣弹力新款牛仔裤浅色夏天性感潮价格：88,澜克利莎旗舰店,276,0.0376,222,196,275,271,178,160,289,187
188,韩版胖MM高腰松紧破洞牛仔短裤女夏宽松大码学生阔腿休闲百搭热裤价格：198,伊牛官方企业店,273,0.0393,192,138,171,178,151,167,277,188
189,破洞牛仔裤女九分裤韩版春夏季2017新款宽松紧腰阔腿乞丐哈伦裤子价格：188,卡优希薇旗舰店,273,-0.0837,143,125,133,128,122,137,225,189
190,黑白灰高腰牛仔短裤女夏毛边胖mm加肥大码宽松韩版热裤价格：198,浪漫来袭旗舰店,273,0.3188,198,,,,,,384,190
191,钱夫人CHINSTUDIO定制 复古卷边高腰破洞牛仔裤女百搭学生九分裤价格：129,钱夫人家 雪梨定制,272,-0.7878,112,251,266,355,333,,13,191
192,白色牛仔短裤女夏高腰黑色a字毛边流苏宽松显瘦阔腿学生休闲热裤价格：140,雪之狼旗舰店,272,-0.2939,237,290,353,390,424,441,159,192
193,2017新款春夏装背带裤短裤宽松森女裤子可爱小清新休闲运动连体裤价格：105,戚米旗舰店,270,-0.0899,77,222,197,171,164,150,221,193
194,2017夏季新款韩版bf风破洞侧边字母白边牛仔短裤女宽松阔腿热裤潮价格：139,WM潮流阁,268,-0.0676,113,238,223,240,237,187,241,194
195,破洞牛仔七分裤女夏2017新款哈伦裤薄款显瘦高腰韩版宽松胖mm马裤价格：158,萌妹子牛仔,268,-0.0494,149,215,213,221,158,197,252,195
196,晶爷2017春夏季新款韩版高腰黑色破洞牛仔短裤女宽松显瘦毛边热裤价格：86.25,晶爷studio,267,-0.0749,145,249,182,201,189,271,231,196
197,牛仔裤女夏2017新款高腰阔腿裤韩版网格热裤学生毛边黑色牛仔短裤价格：98,美舒儿旗舰店,266,0.0766,174,217,208,244,199,235,312,197
198,黑色膝盖破洞牛仔裤女九分裤夏薄款韩版高腰显瘦不规则紧身小脚裤价格：128,GAG红人馆,266,-0.0831,145,209,202,227,183,211,244,198
199,MG小象牛仔短裤女夏2017新款高腰宽松显瘦港味韩版a字绑带热裤聚价格：158,MG小象欧美街拍时尚女装,266,-0.2618,109,,,,,,171,199
200,网格破洞牛仔短裤女夏新款高腰毛边渔网拼接短裤个性显瘦阔腿热裤价格：39.9,波波伊家,265,-0.104,246,127,136,166,121,140,224,200
201,春夏季高腰牛仔短裤女宽松韩版显瘦学生大码胖mm卷边阔腿黑色热裤价格：139,若来若去旗舰店,265,0.0311,149,188,216,245,264,203,302,201
202,高腰牛仔短裤女夏2017新款韩版宽松阔腿a字显瘦学生毛边热裤子潮价格：168,蓓茹旗舰店,264,-0.1192,147,152,149,132,168,161,220,202
203,韩版破洞显瘦时尚宽松牛仔背带短裤女夏季学生百搭连体吊带热裤潮价格：99.8,欣宜女装行,264,-0.0469,179,165,164,184,157,173,259,203
204,MANBO侧边拉链显瘦高腰喇叭裤长裤 夏季薄款女宽松复古阔腿牛仔裤价格：99,MANBO STUDIO,264,-0.0881,94,187,176,175,170,293,235,204
205,新款韩版女装夏季宽松流苏牛仔裤侧边交叉绑带须边短裤高腰热裤潮价格：26,小新家 每天上新,264,-0.0308,193,167,177,163,201,189,270,205
206,卷边高腰牛仔背带短裤女夏季破洞学生减龄连体吊带裤大码显瘦热裤价格：110,凯兴女装,263,-0.1661,145,163,167,176,179,202,203,206
207,裤脚内开叉渐变层  小宽松显瘦显高九分直筒休闲牛仔裤女价格：79,螃蟹巷72号时尚女装,261,-0.0227,84,,,,,,276,207
208,韩版宽松水洗毛边高腰阔腿牛仔裤女夏2017新款学生显瘦九分裤子潮价格：128,SMA STUDIO 轻奢定制,260,-0.2644,92,28,48,447,,154,180,208
209,kumayes 学生中高腰破洞牛仔乞丐短裤女夏季宽松显瘦休闲毛边热裤价格：59,kumayes,260,-0.1063,139,341,384,359,392,428,232,209
210,牛仔短裤女夏季2017新款韩版宽松百搭高腰显瘦超短裤破洞卷边热裤价格：98,FJW Awen定制女装,260,-0.2567,141,221,244,235,167,225,186,210
211,2017新款高腰牛仔短裤女夏韩版宽松学生薄款白色短裤女热裤毛边潮价格：88,doirliy朵黎服饰旗舰店,260,-0.1186,150,75,81,82,100,108,230,211
212,牛仔短裤夏女韩版大码胖mm宽松百搭学生高腰破洞热裤春季2017新款价格：69,【北京商盟】义成衣舍 大码牛仔,259,-0.2626,152,45,14,83,359,352,184,212
213,松紧腰大码破洞牛仔裤女九分夏薄款学生宽松显瘦乞丐休闲哈伦裤潮价格：89,夏韩衣舍,258,-0.0547,165,145,168,115,176,164,264,213
214,2017新款牛仔短裤女夏季韩版高腰排扣弹力修身休闲显瘦卷边潮热裤价格：135,魅力霓裳店,257,0.0199,208,228,238,206,236,183,309,214
215,宽松破洞牛仔裤女九分哈伦女裤子小脚韩版女装春夏季2017新款女潮价格：168,pnvn旗舰店,257,-0.0316,115,157,161,149,173,151,283,215
216,破洞牛仔短裤女高腰宽松2017夏新款韩版显瘦流苏毛边学生阔腿热裤价格：120,可奈丽莎旗舰店,257,-0.1252,117,192,186,180,142,143,234,216
217,唐狮2017新款宽松牛仔短裤女夏季高腰阔腿牛仔短裤女显瘦韩版学生价格：239,唐狮官方旗舰店,257,-0.0913,101,243,206,205,239,145,250,217
218,森女背带短裤女夏新款韩版宽松学生显瘦吊带连体裤阔腿背带裤潮价格：58,草帽韩阁,256,-0.0377,141,367,262,285,215,206,279,218
219,2017新款夏季毛边破洞白色牛仔短裤女韩版高腰显腿长宽松热裤潮价格：188,蓝薄荷旗舰店,255,0.0667,134,326,323,347,265,237,327,219
220,夏季高腰牛仔短裤女 宽松卷边牛仔短裤mm大码显瘦a字阔腿热裤学生价格：99,seven77 小柒牛仔,254,-0.1053,187,141,127,122,138,146,245,220
221,夏季aa字高腰牛仔短裤女韩版翻边宽松阔腿裤显瘦卷边学生热裤薄款价格：168,吾爱牛仔,254,0.5287,134,323,253,257,243,204,318,221
222,买一送一高腰牛仔短裤女2017新款春季韩版显瘦百搭学生超短裤女夏价格：79,皇朝御纺旗舰店,254,-0.1268,155,132,129,150,129,147,237,222
223,2017春夏季新款韩版破洞七分牛仔裤女松紧腰宽松八分学生哈伦裤子价格：188,尤依优汇旗舰店,254,0.1981,154,166,143,155,208,166,371,223
224,2017春夏季新款高腰破洞牛仔裤女韩版宽松显瘦百搭裤子哈伦九分裤价格：208,前途旗舰店,252,-0.04,116,101,130,165,174,170,288,224
225,2017夏装新款浅色高腰破洞牛仔裤女宽松显瘦九分裤学生薄款阔腿裤价格：129,笨笨的店定制女装,252,-0.1251,72,299,303,373,358,,238,225
226,牛仔短裤女夏2017新款韩版宽松学生大码胖mm高腰显瘦bf风阔腿裤女价格：299,慕汀服饰旗舰店,251,-0.0948,144,353,286,181,200,250,258,226
227,白色牛仔短裤女2017夏天新款韩版学生百搭热裤高腰毛边破洞超短裤价格：298,遇知旗舰店,250,-0.0953,188,,,104,55,127,272,227
228,夏季女装韩版高腰牛仔短裤显瘦宽松阔腿裤学生热裤毛边黑色牛仔裤价格：27.98,试衣间SYJ,250,0.0598,147,408,428,425,271,266,326,228
229,韩版新款牛仔短裤女夏季弹力显瘦2017薄款学生破洞短裤修身热裤潮价格：85,《韩美》,249,0.2073,183,377,210,268,244,212,381,229
230,2017夏季薄款高腰牛仔裤女学生百搭长裤新款修身弹力小脚牛仔裤女价格：94,U闺蜜小栈,249,-0.0077,198,178,147,101,145,191,299,230
231,牛仔短裤春季女2017新款韩版夏宽松学生高腰阔腿热裤子破洞bf百搭价格：23.9,苏菲家潮人馆,248,-0.0364,153,183,195,164,181,178,301,231
232,春夏季松紧腰破洞牛仔短裤女宽松阔腿大码mm弹力胖五分热裤价格：88,小马奔腾品质牛仔,248,-0.1342,199,126,101,118,163,138,242,232
233,高腰牛仔短裤女夏季学生白色破洞毛边韩版宽松超短裤大码阔腿热裤价格：139,凸傲旗舰店,247,-0.1322,166,115,131,112,136,168,246,233
234,牛仔短裤女夏季2017新款韩版薄百搭学生显瘦阔腿宽松短裤女热裤潮价格：88,尚琛旗舰店,246,-0.1022,158,158,203,183,150,232,263,234
235,森马牛仔短裤女2017夏装新款弹力透气学生韩版百搭潮流水洗猫须裤价格：159,森马官方旗舰店,246,0,205,,,,,,,235
236,牛仔五分裤女夏宽松bf风2017新款韩版高腰破洞牛仔短裤chic中裤女价格：219,尚蔓蒂旗舰店,243,-0.0906,152,201,190,262,240,244,282,236
237,七十二层奇楼赵丽颖明星同款牛仔裤夏装衣服刺绣破洞白色背带裤价格：88,喵喵家明星日志,243,0.2796,81,,,,,,442,237
238,韩版高腰牛仔短裤女夏2017新款百搭显瘦弹力大码学生热裤子胖mm潮价格：128,薇伦旗舰店,240,0.0574,202,211,260,197,216,226,336,238
239,紧身九分牛仔裤女高腰韩版显瘦百搭薄款小脚牛仔长裤子女9分弹力价格：128,迈可思旗舰店,239,0.0442,188,189,211,272,211,249,333,239
240,毛边高腰短裤牛仔夏女韩版学生宽松阔腿热裤显瘦a字短裤白色裤子价格：140,雅姿时尚衣舍,239,-0.2086,187,64,137,120,187,152,219,240
241,2017韩版夏季阔腿毛边破洞宽松大码牛仔短裤女松紧腰黑白色热裤价格：78,WDXJ 独家定制,239,0.2015,200,284,305,313,274,282,408,241
242,2017新款韩版白色破洞牛仔短裤女夏两粒扣弹力修身显瘦百搭热裤潮价格：99,静怡家 每周一 五上新,238,-0.0718,170,308,339,270,257,253,305,242
243,2017新款牛仔短裤女夏白色韩版宽松卷边学生高腰显瘦百搭a字热裤价格：158,法蜜琦旗舰店,238,-0.1073,131,171,158,170,217,190,275,243
244,薄款牛仔短裤女夏季2017韩版直筒显瘦抽绳松紧腰柔软舒适休闲热裤价格：198,米拉的幸福时光,238,3.3782,95,,,,,,,244
245,2017夏新款韩版松紧腰破洞牛仔裤女九分裤宽松薄款学生乞丐裤七分价格：108,韩范设计室,237,0.0814,151,,432,438,327,294,350,245
246,ONLY夏新愤怒的小鸟合作款卷边牛仔短裤女|116343510价格：449,绫致时装官方店,237,-0.5424,191,,,,,,104,246
247,滕雨佳 2017新款夏季女毛边牛仔短裤宽松高腰显瘦超热天款a字阔腿价格：98,SHOCK AMIU,236,-0.5115,109,435,,,,,112,247
248,卿若高腰白色牛仔短裤女春夏韩版2017新款毛边宽松弹力显瘦热裤潮价格：99,卿若服饰旗舰店,236,-0.0938,138,258,239,280,238,207,294,248
249,牛仔裤女春夏季2017新款韩版显瘦高腰百搭学生bf小脚破洞九分裤子价格：138,蕾媛旗舰店,234,-0.0951,140,122,83,94,102,131,286,249
250,破洞牛仔裤五分裤女大码乞丐裤高腰宽松哈伦热裤休闲中裤直筒短裤价格：298,蓝斯登时尚牛仔,234,-0.2447,139,233,232,233,224,351,212,250
251,2017夏季磨破洞高腰显瘦白色牛仔短裤女韩版宽松阔腿毛边热裤潮价格：62,韩国魅力牛仔店,232,0.2164,133,260,298,369,202,257,417,251
252,白色破洞牛仔裤女宽松九分裤高腰韩版学生bf哈伦裤2017新款春夏季价格：128,爱尚COOL牛仔,232,0.2057,153,245,265,263,235,267,421,252
253,MG小象牛仔短裤女夏季2017新款韩版阔腿高腰包臀a字裙半身裙裙裤价格：158,MG小象欧美街拍时尚女装,232,-0.6003,124,388,,,,,79,253
254,韩国出口单2017新款nena里奈弹力牛仔短裤大口袋高腰百搭配皮带女价格：150,Small Korean,232,-0.1485,104,477,,458,391,,267,254
255,港味复古韩国chic风高腰百搭磨毛牛仔裤宽松显瘦流苏边休闲短裤女价格：32,港妹潮人馆,232,-0.1359,175,357,425,435,356,499,278,255
256,2017夏季新款高腰破洞牛仔短裤百搭宽松显瘦做旧阔腿热裤女学生潮价格：26.8,三角衣柜,232,-0.115,198,401,465,426,,,296,256
257,韩版新款宽松牛仔裤女高腰牛仔短裤女夏修身显瘦破洞热裤子潮学生价格：19.8,月牙城,231,-0.1391,162,400,313,351,376,451,271,257
258,包邮外贸原单 西班牙单时尚任你行 一条穿出大长腿高腰阔腿九分裤价格：59.99,隆隆外贸 2号店 隆隆家,231,0.016,68,170,188,210,190,229,352,258
259,宽松破洞牛仔短裤女显瘦直筒短裤2017夏季韩版潮乞丐休闲哈伦短裤价格：98,MT梦小姐,230,-0.1587,203,,,473,402,,262,259
260,牛仔短裤女夏2017新款韩版修身显瘦破洞宽松高腰黑色春夏季牛仔裤价格：128,芮丽娅旗舰店,230,-0.7575,148,142,120,141,155,25,20,260
261,蓝色毛边热裤女 夏2017新款韩版百搭五分裤高腰破洞牛仔短裤女潮价格：99,Yukiss Studio欧美私服定制 小思小小思,230,-0.2705,89,229,183,261,288,303,202,261
262,高腰牛仔短裤女夏百搭宽松阔腿破洞毛边韩版显瘦学生牛仔裤热裤潮价格：98,972Studio,229,0.0054,267,484,480,413,219,200,335,262
263,夏季韩版女装学生短裤百搭高腰显瘦阔腿裤破洞毛边牛仔短裤短裙潮价格：24.9,QGZ七公主女装,229,-0.025,159,,,,,,319,263
264,港味复古chic风多口袋浅色毛须边热裤女百搭显瘦不规则牛仔短裤潮价格：37,港妹潮人馆,228,-0.2733,122,411,392,453,381,498,209,264
265,白色破洞牛仔裤女宽松韩版学生哈伦裤九分裤女裤子春夏季2017新款价格：288,韩势牛企业店,228,-0.2077,175,199,270,350,350,195,222,265
266,牛仔裤宽松女韩版学生bf百搭宽松高腰毛边阔腿裤bf风短裤休闲热裤价格：31,小宅女大购物 xiaozhainv 小宅女家 xiao zhai nv,227,-0.0356,201,,,,414,485,322,266
267,2017夏季新款FGX 破洞牛仔短裤女夏宽松阔腿显瘦高腰休闲短裤女潮价格：108,桃子的希望 韩版女装,227,-0.1248,108,268,282,253,267,233,295,267
268,17新款高腰牛仔短裤女夏宽松显瘦阔腿裤大码学生毛边排扣a字热裤价格：159,优百莉旗舰店,226,0.0147,188,89,96,142,156,214,342,268
269,显腿长显瘦aa超短裤款夏装学生撕边流苏高腰磨边性感牛仔裤热裤女价格：18.46,壹号人家女装批发,226,-0.1073,195,256,221,187,203,194,303,269
270,刺绣破洞牛仔背带裤女夏2017新款韩版学生显瘦宽松九分阔腿连体裤价格：118,欧洲站达人店,225,-0.2339,95,156,166,198,175,157,233,270
271,薄款牛仔裤女高腰七分裤弹力小脚裤大码松紧腰铅笔裤休闲哈伦中裤价格：198,欧晓女裤官方店,225,-0.0121,164,181,146,173,141,163,339,271
272,条纹黑色高腰牛仔短裤春季女夏2017新款韩版百搭阔腿裤学生热裤子价格：34,小宅女大购物 xiaozhainv 小宅女家 xiao zhai nv,224,-0.1304,156,348,370,396,394,478,265,272
273,2017新款春夏季韩版高腰九分牛仔裤女破洞学生黑色小脚裤子显瘦潮价格：138,婕恋旗舰店,224,-0.0106,165,184,196,177,198,268,337,273
274,松紧腰刺绣短裤女薄款2017夏季新款高腰牛仔裤女胖mm大码宽松热裤价格：98,靓丽时尚服饰,223,-0.1274,172,,,,464,436,304,274
275,牛仔短裤女夏学生白色破洞毛边2017新款韩版宽松大码高腰超短热裤价格：119,纹语旗舰店,223,-0.2906,175,63,69,55,67,94,204,275
276,牛仔短裤女夏2017新款韩版白色高腰破洞百搭热裤子宽松阔腿超短裤价格：109,水谷雅子旗舰店,223,0.3151,179,,,,,486,,276
277,夏季新款高腰直筒牛仔裤女浅色拼接毛边宽松阔腿显瘦哈伦九分裤潮价格：198,星点感悟旗舰店,223,-0.1672,107,253,170,130,161,180,274,277
278,牛仔短裤夏季女2017新款韩版高腰学生宽松破洞毛边阔腿裤显瘦热裤价格：139,凸傲旗舰店,222,-0.1543,151,185,185,174,184,155,293,278
279,牛仔短裤女夏韩版宽松破洞学生百搭高腰显瘦女士热裤2017夏季新款价格：88,韩伊火玫瑰旗舰店,222,-0.1996,150,206,200,192,162,201,256,279
280,韩版夏季新款白色热裤学生毛边裤子高腰a字破洞牛仔裤超短裤女夏价格：89,蜜芙妮女装旗舰店,221,0.1026,127,237,205,242,227,224,399,280
281,毛边牛仔短裤女明星同款黑色高腰阔腿热裤白色宽松显瘦杨幂a字夏价格：329,vivi高端订制,221,-0.3124,129,261,327,343,261,448,199,281
282,韩版侧面条纹毛边牛仔短裤女夏季高腰破洞宽松阔腿裤显瘦牛仔裤潮价格：23,小菲家新款每日更新,220,0.2489,193,161,218,217,171,216,488,282
283,2017新款牛仔短裤女夏卷边松紧腰宽松大码胖mm休闲阔腿短裤热裤女价格：188,曼莎 MANSA女装服饰店,219,-0.2874,240,,416,440,,298,214,283
284,夏装女装韩版时尚百搭高腰显瘦牛仔裤A字短裤宽松阔腿裤学生热裤价格：34.98,可可里小姐,219,-0.2418,177,,,,,447,229,284
285,2017夏季新款女装韩版百搭显瘦水洗抓纹破洞毛边牛仔短裤热裤 潮价格：112,妞妞旺铺快时尚潮流女装,219,0,220,368,,,124,,,285
286,复古韩国chic风裤脚无缝剪裁九分小脚裤高腰修身显瘦铅笔牛仔裤女价格：41,港妹潮人馆,219,-0.1262,164,,499,444,368,,307,286
287,牛仔短裤女夏2017新款白色宽松韩版学生高腰修身百搭显瘦阔腿热裤价格：90,韩曼惠旗舰店,218,0.0573,218,,,,,409,457,287
288,牛仔短裤女夏季高腰韩版宽松刺绣学生百搭显瘦阔腿热裤子2017新款价格：78,薇伦旗舰店,218,-0.0708,152,248,209,264,247,198,328,288
289,夏季薄款新款高腰八分裤毛边九分微喇牛仔裤女显瘦黑色9分喇叭裤价格：99,蒙奴莎旗舰店,218,-0.1455,111,241,181,193,182,240,306,289
290,实体690大洋！纯白色百搭毛须边 弹力舒适薄款开叉牛仔显瘦短裤价格：75,啃衣族 啃衣族大店 外贸女装,217,0,386,,,,,,,290
291,夏季女装韩版chic港味宽松显瘦高腰不规则缺口剪边牛仔短裤热裤潮价格：25.8,麻辣小黑粉,215,-0.0801,154,,,259,,,325,291
292,金大班628/哆啦/2017夏季新款学生韩版口袋背带水洗牛仔短裤子女价格：73,金大班清新实用主义,215,-0.5202,160,,,,,,130,292
293,韩版春夏学生宽松显瘦高腰九分裤bf风破洞哈伦牛仔裤女长裤萝卜裤价格：116,贝迪谷旗舰店,214,-0.1328,108,246,191,162,197,227,313,293
294,2017新款韩版高腰显瘦宽松破洞毛边白色牛仔短裤女夏季百搭学生价格：69.9,维娓,213,0.1175,218,190,220,283,206,218,397,294
295,2017新款夏季韩版bf风宽松显瘦原宿牛仔裤女背带裤九分连体阔腿裤价格：398,云裳尔韩版女装,213,-0.1442,76,442,301,302,207,209,310,295
296,倍曼多2017夏季新款A字翻边牛仔短裤女宽松高腰阔腿裤卷边热裤潮价格：198,倍曼多旗舰店,213,0.0627,197,267,325,289,311,234,402,296
297,城中鸟2017春夏新款大码高腰牛仔短裤女松紧腰热裤休闲阔腿裤3028价格：156,港恋牛仔馆,212,0.0395,132,291,274,316,307,324,394,297
298,破洞牛仔裤女九分春夏季2017新款直筒宽松学生大码胖mm韩版bf七分价格：168,金尚秋旗舰店,211,0.1394,157,266,264,195,254,313,452,298
299,大码牛仔短裤女夏2017新款松紧腰阔腿宽松高腰胖mm韩版热裤五分裤价格：118,也菲  简约实用女裤,211,0.2248,212,,460,375,389,,,299
300,chic风纯色韩版高腰热裤显瘦破洞宽松阔腿裤百搭学生短裤牛仔裤女价格：31,小宅女大购物 xiaozhainv 小宅女家 xiao zhai nv,211,0.0306,196,,,,,,389,300
301,韩版复古chic风侧边拉链显瘦高腰阔腿裤夏季宽松休闲牛仔裤女长裤价格：36.8,QGZ七公主女装,210,-0.2298,163,,,,492,,251,301
302,2017夏季新款高腰短裤休闲松紧腰显瘦弹力牛仔裤女士宽松大码热裤价格：69,东方语,209,-0.2261,165,310,308,324,253,295,284,302
303,天天特价夏季破洞牛仔裤女宽松九分裤韩版潮bf七分小脚垮裤哈伦裤价格：259,尚品牛仔坊,209,-0.4694,76,,,,115,134,113,303
304,毛边高腰短裤牛仔夏女韩版学生宽松阔腿热裤显瘦a字短裤黑色裤子价格：99,沫沫家红人私服馆,209,-0.1344,136,,456,410,,390,320,304
305,高腰牛仔短裤女夏破洞宽松韩版显瘦学生卷边阔腿裤刺绣热裤超短裤价格：75,teyi特一旗舰店,208,-0.0428,178,208,234,296,273,215,349,305
306,玛玛绨2017夏季破洞牛仔短裤宽松阔腿显瘦韩版休闲高腰牛仔裤女装价格：158,maxmartin玛玛绨旗舰店,207,0,137,,330,,,,,306
307,破洞九分牛仔裤女宽松裤韩国直筒裤学生夏款女装大码9分哈伦裤女价格：79,古德奈旗舰店,206,36.6601,107,,,,,,,307
308,巴掌家自制bling!bling小星星亮片钉珠百搭又洋气松紧腰牛仔短裤价格：169,巴掌家,205,-0.2241,84,429,400,,,,281,308
309,牛仔短裤女夏装新款韩版高腰宽松显瘦侧开叉毛边阔腿裤学生热裤潮价格：32.9,哚拉小牛,205,-0.0311,120,,402,278,317,246,370,309
310,牛仔背带连体裤女夏2017新款韩版宽松九分阔腿裤薄款原宿七分裤价格：169,微惜轻熟定制,205,0.017,86,332,277,423,349,,398,310
311,牛仔短裤女夏韩版宽松破洞学生百搭裤子高腰显瘦热裤2017夏季新款价格：88,爱梦缘旗舰店,204,-0.1608,182,223,263,254,228,228,316,311
312,2017新款夏季牛仔短裤女假两件防走光大码修身牛仔裤裙显瘦热裤潮价格：198,任衣任恋服饰,204,0.0458,148,263,250,247,325,302,422,312
313,LRUD牛仔裤女2017夏装新款韩版女装高腰显瘦牛仔短裤宽松直筒热裤价格：110,lrud旗舰店,204,0.1691,122,339,410,356,360,335,,313
314,200斤夏韩版高腰胖mm加肥加大码阔腿宽松薄款破洞大号牛仔短裤女价格：139,小熊女裤品质店,203,0.1037,197,447,,,323,359,468,314
315,毛边流苏破洞高腰牛仔短裤夏女胖MM韩版热裤宽松加肥加大码200斤价格：105,英国格格,202,0.0475,167,,440,475,497,333,429,315
316,左唐高腰牛仔短裤女夏季学生宽松胖mm 大码显瘦毛边a字阔腿热裤子价格：169,左唐直销店,202,-0.3513,98,311,184,202,186,245,213,316
317,夏韩版牛仔哈伦七分裤女薄款休闲显瘦宽松200斤胖mm大码弹力中裤价格：159,依女芯大码女装,202,0.0722,142,242,222,168,196,219,448,317
318,夏季薄款破洞牛仔裤女韩版高腰显瘦毛边阔腿裤学生弹力九分直筒裤价格：168,TU时尚潮流女装馆,202,-0.1346,130,371,347,346,285,443,330,318
319,背带裤女九分裤宽松2017夏新款女装韩版时尚破洞牛仔裤女裤子潮款价格：123.75,蔓延时尚潮流女装,201,-0.1,90,336,,493,,,346,319
320,破洞牛仔裤女九分裤小脚铅笔裤黑色修身显瘦韩版高腰夏季2017新款价格：269,傲丹旗舰店,201,0.6475,654,,,,,,,320
321,夏季新款白色高腰牛仔短裤女夏大码百搭休闲宽松显瘦薄阔腿卷边潮价格：88,南都衣舍,200,0.1082,114,317,302,362,322,270,465,321
322,高腰白色牛仔短裤女夏宽松阔腿热裤学生显瘦a字休闲大码毛边薄款价格：159,artmaker旗舰店,200,-0.2209,160,113,117,222,204,174,298,322
323,夏季韩版松紧腰牛仔短裤女 宽松显瘦高腰大码胖mm卷边a字阔腿热裤价格：98,迕廊似旖⒌,199,-0.1095,172,276,236,220,345,329,353,323
324,夏季韩版女装侧面条纹毛边牛仔短裤高腰宽松阔腿裤显瘦学生热裤子价格：32,依人潮流女装优质低价,199,-0.2223,163,144,179,146,152,179,266,324
325,牛仔裤七分裤女夏宽松显瘦松紧腰哈伦垮裤九分裤大码胖MM2017新款价格：118,铭阳旗舰店,199,0.2284,113,275,272,308,329,297,,325
326,2017夏季新款牛仔短裤女夏韩版宽松破洞学生百搭裤子显瘦修身热裤价格：88,爱梦缘旗舰店,199,-0.1009,189,303,267,284,268,259,355,326
327,破洞牛仔超短裤女春夏季2017新款韩版百搭宽松学生高腰白色热裤子价格：298,淘牛世家旗舰店,199,0.0199,173,219,235,258,252,254,419,327
328,高腰破洞牛仔短裤女夏潮毛边阔腿胖mm200斤宽松加肥加大码a字热裤价格：29.9,Since2015  沫沫家,199,-0.0322,207,172,165,211,221,177,383,328
329,夏装女装韩版高腰显瘦破洞灰色牛仔裤宽松阔腿裤毛边缺口短裤学生价格：29.88,可可里小姐,198,-0.1017,196,,,,,,341,329
330,cheeseY 牛仔短裤女夏2017新款韩版学生热裤毛边bf宽松高腰超短裤价格：178,cheeseY studio 芝柚定制,198,0.0019,83,,,,,,405,330
331,2017新款大码牛仔5分裤女松紧腰高腰直筒胖妹妹200斤加肥加大夏季价格：128,绒儿牛仔,196,0.2311,218,325,394,322,335,331,,331
332,松紧腰牛仔裤短裤女夏宽松显瘦高腰弹力五分休闲裤大码胖mm韩版潮价格：99,紫霞仙子与牛仔,195,-0.0526,214,,471,,458,382,386,332
333,牛仔裤女九分裤夏薄款浅色拼接毛边浅蓝色显瘦宽松阔腿哈伦女裤价格：98,张公子家实拍女装店,195,-0.318,138,230,174,144,191,273,240,333
334,韩国出口单2017新款nena里奈高腰显瘦阔腿裤A字牛仔短裤百搭热裤价格：130,Small Korean,195,-0.2328,171,,,461,452,,300,334
335,高腰白色牛仔短裤女夏学生宽松阔脚百搭A字显瘦卷边短裤女热裤潮价格：118,尚琛旗舰店,195,0.0366,201,344,310,345,303,292,435,335
336,夏装女装韩版时尚毛边绑带牛仔短裤个性显瘦阔腿裤宽松高腰热裤潮价格：33.88,可可里小姐,194,-0.0996,195,417,453,485,493,,351,336
337,春夏女装韩版时尚高腰毛边牛仔短裤显瘦百搭阔腿裤学生休闲牛仔裤价格：29.98,可可里小姐,194,-0.0112,184,486,331,376,326,,411,337
338,【MIKA STUDIO】2017夏季新款韩版牛仔阔腿裤宽松显瘦女式九分裤价格：109,小玉酱SHERRY,194,-0.3175,96,,,,,,247,338
339,森马牛仔短裤女2017夏装新款水洗破洞舒适学生韩版宽松学生猫须裤价格：179,森马官方旗舰店,193,0,189,,,,,,,339
340,破洞牛仔短裤女夏2017新款韩版高腰阔腿热裤大码宽松毛边a字裤子价格：109,日韩女装潮依阁,193,-0.1002,165,168,157,256,214,186,367,340
341,女装 牛仔紧身七分裤(水洗产品) 192774 优衣库UNIQLO价格：99,优衣库官方旗舰店,192,0.0284,127,257,237,225,270,217,451,341
342,ONLY2017夏装新款复古高腰卷边百搭牛仔短裤女|117143503价格：349,ONLY官方旗舰店,192,0.3649,92,406,431,,363,363,,342
343,高腰阔腿短裤女夏2017新款女装百搭宽松韩版学生a字牛仔短裤热裤价格：109,卡仑奴旗舰店,191,0.1108,135,392,434,381,276,318,,343
344,森马直筒牛仔裤女 2017夏季新款 学生弹力韩版时尚修身小脚八分裤价格：199,森马官方旗舰店,191,0,208,,,,,,,344
345,高腰a字牛仔短裤女夏2017新款韩版破洞女装白色黑色宽松阔腿热裤价格：109,记忆花园旗舰店,190,-0.0913,162,285,296,214,306,242,382,345
346,咖咪雨原创刺绣直筒松紧腰中裤绣花五分裤女牛仔裤夏宽松破洞短裤价格：168,咖咪雨 工作室 文艺棉麻研发基地,190,-0.1061,121,,411,500,426,,363,346
347,韩国复古chic小宽松休闲牛仔裤高腰磨白休闲裤女开叉水洗九分裤潮价格：69.9,馨帮帮sinbounboun,189,-0.1383,150,,,,,,356,347
348,天天特价高腰牛仔短裤女夏季新款宽松大码弹力显瘦胖mm阔腿四分裤价格：99,朵莲七彩定制,189,9.2544,182,,,,,,,348
349,前短后长不规则撕边牛仔裤 高腰显瘦净色牛仔短裤女白色小热裤价格：45,米娜 Mina Home,188,-0.0916,157,300,245,204,205,236,378,349
350,显瘦2017夏季新款修身破洞牛仔短裤女韩版刺绣花弹力百搭热裤子潮价格：75,teyi特一旗舰店,187,0.0247,175,289,257,252,297,287,469,350
351,2017夏装韩版宽松卷边复古阔腿短裤显瘦休闲热裤百搭高腰牛仔裤女价格：33.98,果果女装家,187,-0.1866,212,,,,,,331,351
352,17新款牛仔短裤女夏季时尚毛边宽松阔腿裤热裤胖mm水洗做旧裤子潮价格：38,宜雅曼莎MANSA,186,0.6626,217,,,266,484,,,352
353,高腰短裤女夏 紧身a字牛仔短裤2017春新款大码弹力显瘦阔腿裤热裤价格：58,louismodern旗舰店,186,-0.1336,157,405,362,379,346,276,366,353
354,松紧腰抽绳牛仔短裤女2017夏季新款韩版百搭宽松显瘦弹力阔腿热裤价格：128,东方语,185,0.4125,131,,,,,,,354
355,背带裤春秋女2017新款韩版学生宽松白色连体裤高腰破洞牛仔短裤子价格：38,小宅女大购物 xiaozhainv 小宅女家 xiao zhai nv,185,-0.0711,148,,,,441,,404,355
356,春装韩国百搭高腰卷边牛仔裤女阔腿短裤宽松显瘦学生大码休闲热裤价格：30,梦露日记时尚女装,184,0.051,234,,,,,,478,356
357,牛仔短裤女夏韩版2017春季新款热裤宽松破洞高腰玫瑰花刺绣超短裤价格：118,疯狂佳人旗舰店,184,0.0031,148,366,335,237,301,284,463,357
358,【天天特价】松紧腰牛仔裤女2017春夏季韩版高腰弹力长裤小脚九分价格：26.9,橘织女裤企业店,183,64.1907,194,,,,,,,358
359,白色毛边牛仔短裤女夏高腰2017新款宽松阔腿A字型大码学生热裤潮价格：108,布衣天成旗舰店,182,-0.065,184,,,,,301,420,359
360,可爱牛仔背带短裤女2017夏新款小清新学院风宽松白色学生连体大码价格：298,莉塞施芙妮品牌店,182,-0.1495,125,321,364,332,314,255,369,360
361,2017基础简约高腰短牛仔裤韩国复古夏季百搭休闲裤撕边小短裤热裤价格：59.9,馨帮帮sinbounboun,181,-0.0631,156,,,,,,430,361
362,天丝七分牛仔裤女超薄2017夏季新款大码松紧腰宽松直筒高腰中裤子价格：128,星 月 坊,181,0.1397,185,412,361,388,453,395,,362
363,黑色牛仔短裤夏季女2017新款韩版高腰宽松毛边阔腿裤热裤ulzzang价格：31,小宅女大购物 xiaozhainv 小宅女家 xiao zhai nv,180,-0.0407,219,,,,,,440,363
364,2017夏新款高腰黑灰色短裤女不规则毛边微宽松牛仔短裤女沙滩热裤价格：110,圣妮儿旗舰店,180,-0.1369,148,282,321,297,232,269,380,364
365,2017春夏新款韩版毛边百搭高腰阔腿白色牛仔短裤女学生夏季热裤女价格：98,意米其服饰旗舰店,180,-0.1342,134,264,359,248,262,248,385,365
366,夏季韩版女装高腰显瘦毛边牛仔短裤女修身百搭牛仔裤学生休闲热裤价格：35,梦露日记时尚女装,180,-0.313,182,446,408,241,230,,292,366
367,2017夏季新款高腰牛仔短裤女修身弹力显瘦韩版薄款毛边流苏牛仔裤价格：168,Mrslady,179,-0.1354,128,288,368,339,342,356,387,367
368,高腰牛仔短裤女夏2017新款宽松韩版百搭热裤刺绣破洞学生裤子白色价格：118,枫锐旗舰店,179,-0.1429,156,313,271,331,312,291,377,368
369,天天特价2017夏季新款白色破洞牛仔裤女九分高腰显瘦小脚铅笔裤薄价格：398,MISSBAO 宝小姐,178,0.7578,61,,,,,,,369
370,牛仔短裤女夏2017新款韩版高腰学生白色卷边阔腿宽松显瘦超短热裤价格：139,赫扬旗舰店,178,-0.1687,197,296,227,243,302,315,362,370
371,宽松破洞牛仔裤女九分裤bf乞丐贴布大码哈伦裤2017春夏季新款韩版价格：108,teyi特一旗舰店,178,0.0104,125,271,251,337,316,277,490,371
372,LRUD牛仔裤女2017夏季女装新款韩版高腰牛仔短裤女宽松阔腿裤热裤价格：110,lrud旗舰店,178,-0.1147,113,425,329,312,401,345,407,372
373,2017新款背带短裤女夏韩版宽松显瘦学生吊带连体裤阔腿森女背带裤价格：128,董小姐家女裤,178,0.0594,116,265,292,287,292,309,,373
374,2017新款韩版牛仔背带短裤女夏宽松显瘦高腰卷边吊带连体裤学生潮价格：98,飘越牛仔,178,-0.0577,124,262,214,255,287,243,464,374
375,韩国高腰侧拉链宽松阔腿裤女气质显瘦复古牛仔裤大长腿夏季休闲裤价格：89.9,馨帮帮sinbounboun,177,-0.1766,156,,,,,,360,375
376,七十二层奇楼赵丽颖明星同款牛仔裤字母音符刺绣破洞白色背带裤女价格：138,诗绫服饰官方店,177,0.1401,147,,,,,,,376
377,背带短裤2017夏季韩版牛仔背带裤女百搭裤子显瘦吊带裤学生连体裤价格：89,猎丽影女精品女装,177,-0.2817,112,358,284,246,210,258,315,377
378,高腰牛仔短裤女夏装2017新款韩版卷边宽松热裤潮学生短裤女牛仔裤价格：118,doirliy朵黎服饰旗舰店,177,-0.0876,187,410,367,336,308,320,423,378
379,短裤女高腰牛仔绣花阔腿裤夏季2017新款韩版学生宽松刺绣毛边热裤价格：198,8号仓服饰旗舰店,177,-0.0405,138,318,309,303,298,340,458,379
380,夏季女装2017新款韩版时尚毛边牛仔短裤高腰显瘦阔腿裤学生热裤潮价格：29.98,可可里小姐,177,0.0045,223,,446,,,,480,380
381,百搭宽松破洞牛仔裤女夏ulzzang哈伦九分阔腿BF风韩版学生裤子潮价格：109,gjoy旗舰店,175,0.2153,121,416,249,238,348,354,,381
382,高腰牛仔短裤女宽松显瘦韩版学生百搭2017春夏季新款破洞阔腿热裤价格：126,雅来特旗舰店,175,-0.155,134,234,291,249,357,289,376,382
383,七分牛仔裤女夏季薄款弹力显瘦小脚大码破洞马裤五分中裤学生短裤价格：99,娜馨旗舰店,175,-0.2324,149,252,225,277,220,231,338,383
384,乌77  炒鸡显瘦大裤脚破洞卷边热裤 高腰宽松翻边牛仔短裤夏女价格：67,乌77 wu77style,175,-0.0917,146,,,,,,427,384
385,薄款bf原宿风阔腿裤宽松高腰九分裤破洞毛边显瘦小直筒牛仔裤女夏价格：109,TU时尚潮流女装馆,175,-0.0608,144,,,,,,447,385
386,彩虹韩国东大门代购 K062902价格：199,Rainbow  Studio,175,0,286,,,,,,,386
387,高腰牛仔短裤女装春夏季2017新款白色毛边宽松韩版刺绣花破洞热裤价格：128,蓓晴旗舰店,174,-0.0975,159,191,215,295,338,262,425,387
388,春夏女装韩版chic港味宽松显瘦学院风高腰流苏乞丐热裤牛仔短裤潮价格：23.8,麻辣小黑粉,174,-0.2029,170,,,,,,357,388
389,渔网破洞牛仔裤女夏九分裤网裤韩版显瘦小脚七分裤2017春夏季新款价格：99,恋人心服饰旗舰店,173,0.0414,145,334,256,265,283,304,,389
390,九分牛仔裤子女春夏季2017新款黑色破洞显瘦高腰学生韩版百搭小脚价格：1,980,fxdis旗舰店,173,-0.0316,204,346,312,363,362,290,,390
391,韩国复古高腰牛仔 修身高弹力跳舞蹈显瘦热裤春夏A字侧拉链短裤女价格：168,Mtime Studio,172,-0.0873,112,,357,406,291,314,445,391
392,韩版黑色高腰chic牛仔短裤女夏宽松卷边a字显瘦阔腿学生热裤潮价格：79,诺兮牛仔,171,-0.4111,142,301,336,273,275,370,210,392
393,子晴定制2017夏季新款高腰破洞毛边牛仔裤做旧水洗热裤女短裤女装价格：109,Z子晴,170,-0.9079,199,,,,,,6,393
394,2017夏季新款韩版破洞七分裤女牛仔裤学生薄款7分裤开叉微喇叭裤价格：119,奢式旗舰店,170,0.0587,113,436,337,306,369,330,,394
395,2017夏装新款宽松破洞牛仔白色裤女装高腰显瘦bf韩版九分裤春夏季价格：199,韩美怡旗舰店,170,-0.1237,148,186,173,124,245,278,424,395
396,2017夏装新款女装牛仔背带阔腿短裤宽松短袖套装修身显瘦连体裤子价格：138,夏微微旗舰店,170,-0.0406,108,347,314,335,319,322,487,396
397,MOMENTHOME 自制特别推荐拉长比例高腰花苞裤牛仔短裤热裤配腰带价格：139,MOMENTHOME,170,-0.3738,117,440,,452,,,268,397
398,牛仔阔腿裤女高腰2017春夏季新款学生显瘦流苏九分裤子韩版宽松潮价格：368,柏家好精品牛仔店,169,-0.0399,136,,,,,,479,398
399,LRUD牛仔短裤女夏2017新款韩版裤子夏季高腰宽松牛仔裤阔腿裤热裤价格：110,lrud旗舰店,169,0.0646,115,,350,398,387,375,,399
400,夏季薄款新款九分牛仔裤女士高腰韩版潮宽松紧腰流苏毛边阔腿裤子价格：98,伊纯路旗舰店,169,-0.2004,90,210,246,319,241,307,374,400
401,破洞松紧腰七分裤女牛仔裤夏季2017新款宽松哈伦薄款韩版显瘦中裤价格：229,依品牛仔店,169,-0.1254,127,355,351,299,334,357,428,401
402,韩版夏季女装高腰显瘦牛仔裙半身裙包臀短裙子一步裙A字裙女学生价格：229,广州市依菜购服饰,169,-0.4384,184,,,,,,218,402
403,韩国烟灰色破洞排扣牛仔短裤女夏mm大码显瘦阔腿裤乞丐AA热裤毛边价格：168,六仔裤,168,-0.2532,235,378,404,439,364,,344,403
404,2017韩版新款春夏季高腰阔腿牛仔短裤女大码热裤宽松显瘦A字裤裙价格：65.9,依雪琪,168,-0.1481,208,356,326,239,251,280,414,404
405,森马浅色牛仔裤女 2017夏装新款 修身弹力小脚裤直筒水洗长裤韩版价格：159,森马官方旗舰店,168,0,191,,,,,,,405
406,2017夏季新款拼接圆环水洗牛仔短裤宽松显瘦毛边阔腿热裤女学生潮价格：39.8,三角衣柜,167,-0.0941,163,,,,,,462,406
407,MG小象破洞牛仔裤女夏季2017新款高腰韩版港风裤毛边超短裤热裤聚价格：158,MG小象欧美街拍时尚女装,167,-0.542,114,,,,,,170,407
408,黑色高腰牛仔短裤女夏2017新款韩版宽松大码胖mm破洞休闲阔腿热裤价格：120,列迪旗舰店,167,-0.0569,150,333,261,215,248,274,483,408
409,热裤女夏季女士加大码高腰牛仔短裤女夏宽松胖mm潮弹力显瘦200斤价格：99,GO酷时尚牛仔坊,167,-0.0708,199,441,363,400,310,319,473,409
410,大码牛仔短裤女胖mm2017新款夏刺绣破洞高腰热裤ulzzang裤子女夏价格：25,小宅女大购物 xiaozhainv 小宅女家 xiao zhai nv,167,-0.3356,157,,,,473,,314,410
411,喇叭裤女九分裤牛仔裤韩国流苏显瘦高腰春季2017新款韩版微喇叭夏价格：188,莉雯茜旗舰店,166,-0.0666,129,295,229,317,280,279,477,411
412,毛边高腰破洞牛仔短裤女夏季韩版学生宽松阔腿显瘦a字型白色热裤价格：169,简希玛旗舰店,166,-0.1238,162,250,285,323,295,386,437,412
413,VINTAGE PUDR 3767正品17夏新款显瘦磨破毛边牛仔白色短裤女热裤价格：69,girl爱时尚,166,0.1952,169,384,372,454,403,429,,413
414,背带裤女夏季牛仔短裤学生韩版破洞学院风吊带裤宽松显瘦连体裤女价格：116,月米旗舰店,166,0,153,369,316,353,370,416,,414
415,松紧带牛仔短裤女夏2017新款韩版百搭学生潮胖mm大码宽松超热裤子价格：99,公主旗航店,166,0.014,173,,,490,438,381,,415
416,九分牛仔裤女薄破洞哈伦裤松紧腰七分小脚2017夏季新款修身韩版潮价格：158,天使衣舍,165,0.0004,144,499,,,,383,,416
417,2017春夏新款破洞牛仔裤女九分裤松紧腰哈伦裤宽松显瘦七分裤大码价格：189,风恬旗舰店,165,-0.2831,120,212,178,191,192,247,291,417
418,白色毛边牛仔短裤女夏2017新款韩版阔腿宽松显瘦高腰大码热裤学生价格：96,artinside旗舰店,164,0.311,211,,,,,,,418
419,2017春低腰牛仔短裤女夏靴裤显瘦大码宽松破洞拉链装饰韩版潮热裤价格：99,丽人衣酷牛仔工厂店,163,-0.249,181,399,418,455,332,338,365,419
420,韩版卷边破洞高腰牛仔短裤女2017夏季新款宽松百搭a字阔腿裤子价格：69,羊城故事家cantonstory,162,-0.388,179,298,444,,,,285,420
421,牛仔短裤女宽松夏季2017新款韩版潮显瘦直筒百搭中腰破洞短裤热裤价格：89,颜茹旗舰店,162,-0.1718,173,,427,441,390,325,418,421
422,钱夫人CHINSTUDIO定制韩版高腰浅色毛边牛仔短裤女夏宽松显瘦热裤价格：99,钱夫人家 雪梨定制,162,-0.8182,98,,,,,,26,422
423,夏季高腰破洞微喇叭牛仔裤女九分毛边显瘦拼接撞色阔腿八分小直筒价格：108,赫度旗舰店,162,-0.1096,100,338,345,371,351,317,467,423
424,夏季新款宽松哈伦七分牛仔裤女小脚裤大码韩版春季薄款7分裤百搭价格：299,尚裤女装城,162,0.0193,152,385,280,304,289,283,,424
425,MG小象牛仔短裤女夏装2017新款韩版高腰宽松不规则时尚热裤潮聚价格：158,MG小象欧美街拍时尚女装,161,-0.5212,122,,,,,,189,425
426,女士高腰牛仔裤女春夏季超薄款九分裤2017新款弹力小脚铅笔裤长裤价格：298,都尚恋旗舰店,161,-0.1489,154,373,397,445,340,348,476,426
427,不对称裤脚破洞高腰牛仔短裤女夏2017新款韩版休闲裤阔腿裤热裤子价格：32,小宅女大购物 xiaozhainv 小宅女家 xiao zhai nv,160,-0.2386,149,,,,,,359,427
428,阔腿热裤学生高腰明星同款关关雎尔欢乐颂2美少女刺绣牛仔短裤女价格：388,YIMIY家自制,160,-0.135,154,,,,,,449,428
429,牛仔短裤女夏2017新款韩版高腰学生宽松破洞卷边阔腿裤显瘦热裤潮价格：298,奥兰可儿旗舰店,160,0.7204,189,,,,,,,429
430,青蔷薇 夏季高腰宽松显瘦牛仔短裤韩版学生阔腿裤百搭热裤女 K697价格：69,CYANROSE 青蔷薇,159,-0.3006,93,335,333,392,418,463,334,430
431,高腰牛仔五分裤女夏2017新款韩版学生宽松直筒中裤破洞牛仔短裤女价格：129,淘帮你 原创,159,-0.0173,181,,,,,,,431
432,2017夏季新款白色破洞牛仔女修身显瘦弹力紧身休闲大码外穿短裤子价格：89,妙曼伊菲儿,159,0.074,144,379,473,401,396,389,,432
433,莜原韩版高腰牛仔短裤女 2017夏装新品百搭热裤多口袋a字阔腿裤女价格：152,莜原服饰旗舰店,159,-0.186,111,418,328,443,324,450,426,433
434,2017夏季韩版重工刺绣花朵网纱拼接高腰牛仔阔腿短裤宽松学生热裤价格：99,吉吉屋美丽阁,159,-0.1183,119,376,398,383,406,353,472,434
435,2017新款高腰牛仔短裤女宽松阔腿裤韩版a字显瘦大码阔腿裤裙女夏价格：129,格森美尔旗舰店,158,0.0379,98,350,355,342,422,367,,435
436,牛仔背带裤短裤女夏2017宽松显瘦学生韩版吊带裤百搭阔腿连体裤潮价格：158,RED Shop女装,158,-0.1053,100,,,,,,481,436
437,春夏女装韩版高腰百搭牛仔短裤显瘦阔腿裤毛边黑色牛仔裤学生热裤价格：29.98,可可里小姐,157,-0.2164,171,500,466,446,435,,410,437
438,街拍chic复古高腰小宽松阔腿裤撕边显瘦破洞短牛仔裤女学生短裤夏价格：69.9,馨帮帮sinbounboun,157,-0.0429,202,,,,,,,438
439,AA紧身高腰牛仔短裤女夏天韩版修身显瘦黑色超短裤热裤安全打底裤价格：128,宇蕾品牌店,157,-0.205,199,485,393,397,353,364,431,439
440,2017韩版宽松牛仔短裤女夏高腰卷边阔腿超短裤学生显瘦BF破洞热裤价格：89,蜜柚旗舰店,156,-0.01,130,,401,434,388,406,,440
441,2017春夏学院风韩版新款背带裤刺绣百搭可爱宽松背带九分裤大码女价格：158,音楚旗舰店,156,-0.0149,98,,,84,107,210,,441
442,牛仔阔腿裤女夏季2017新款潮韩版学生高腰显瘦宽松bf百搭夏九分裤价格：158,小C家韩版美衣实拍店,155,-0.1752,100,,,,,,450,442
443,高腰牛仔短裤女夏A字宽松显瘦阔腿卷边热裤破洞大码2017新款胖MM价格：298,浪迪图旗舰店,155,0.1034,99,391,358,402,336,305,,443
444,林珊珊 水洗毛边卷边浅色牛仔裤女夏学生宽松高腰阔腿裤九分裤潮价格：139,林珊珊 Sunny33小超人,155,-0.8049,63,492,,,,,40,444
445,2017夏季女装韩版chic港味宽松显瘦复古学生侧边白条毛边牛仔短裤价格：32.8,麻辣小黑粉,155,-0.0372,178,,450,,,,,445
446,小雅家学生牛仔背带裤女夏季2017新款韩版宽松高腰九分阔腿连体裤价格：268,小雅家棉麻小铺,155,-0.2729,132,,463,,465,,364,446
447,2017夏季新款A字高腰牛仔短裤女宽松黑色韩版阔腿百搭热裤学生潮价格：88,匹克玛旗舰店,154,0.1556,136,,,,499,446,,447
448,破洞牛仔裤女九分裤学生韩版薄款小脚高腰显瘦女装2017新款春夏季价格：148,zsrs旗舰店,154,0.0001,131,387,433,405,,350,,448
449,春夏季韩版高腰牛仔裤女学生黑色喇叭裤显瘦流苏九分裤阔腿微喇裤价格：99,水谷雅子旗舰店,154,0.3814,147,,,,,,,449
450,松紧腰七分牛仔裤女夏2017新款宽松休闲哈伦裤弹力显瘦小脚八分裤价格：169,炽夏魔女,154,0.1161,154,490,,,,,,450
451,2017新款牛仔裤七分裤女夏春季破洞薄款小脚学生韩版铅笔牛仔中裤价格：109,百度衣裳,154,-0.2291,167,460,421,386,393,424,392,451
452,夏装女装韩版高腰显瘦牛仔裤短裤个性开叉毛边宽松休闲阔腿裤学生价格：29.98,可可里小姐,154,-0.2828,172,,494,364,437,,358,452
453,夏季新款韩版松紧腰胖mm200斤加大码加肥阔腿裤宽松牛仔裤女短裤价格：160,yy潮流八爪娘娘西西小可6度梦梦家,154,2.2578,235,,,,,435,395,453
454,薄款高腰阔腿破洞牛仔裤女夏装2017新款韩版宽松显瘦九分裤子女价格：119,WOMENWOMEN蝇蝇家,154,-0.2477,97,,,382,481,,393,454
455,2017夏装宽松白色破洞哈伦牛仔裤女韩版直筒九分高腰乞丐休闲女裤价格：199,attainluxury奢臻旗舰店,153,-0.0751,191,327,334,276,313,337,,455
456,2017新款韩版高腰显瘦毛边膝盖破洞牛仔裤女宽松卷边九分裤哈伦裤价格：141,SMA STUDIO 轻奢定制,153,-0.3106,123,,,,,,347,456
457,韩版AA织带拼色高腰水洗牛仔裤女夏季BF白色黑色宽松阔腿牛仔短裤价格：39,雯儿精品,153,-0.1243,141,204,155,167,222,275,485,457
458,夏季宽松休闲牛仔短裤女夏黑白蓝色卷边高腰显瘦学生韩版百搭阔腿价格：89,第六屏旗舰店,152,-0.0685,234,421,388,340,343,300,,458
459,2017夏新品韩版高腰毛边不规则字母飘带牛仔短裤百搭宽松阔腿裤女价格：95,歌卡琪旗舰店,151,-0.1304,139,407,,366,386,415,496,459
460,韩版2017新款简约双口袋须边水洗牛仔短裤女夏学生百搭宽松阔腿裤价格：26.8,月牙城,151,-0.2211,180,,,,,,400,460
461,牛仔短裤女夏学生韩版高腰破洞毛边外穿简约显瘦大码宽松阔腿热裤价格：78,d[s111464169],151,0.0156,124,422,407,387,,439,,461
462,2017韩版白色破洞低腰牛仔短裤女夏弹力修身显瘦休闲百搭热裤女潮价格：99,静怡家 每周一 五上新,151,-0.0967,163,395,381,411,408,391,,462
463,牛仔短裤女夏2017新款韩版显瘦百搭拉链高腰口袋休闲裤学生热裤价格：34,小宅女大购物 xiaozhainv 小宅女家 xiao zhai nv,151,-0.0486,177,,,,,,,463
464,2017夏季新款牛仔短裤女夏高腰韩版白色a字宽松学生百搭阔腿裤潮价格：128,牛仔世家自制女装,151,-0.0047,157,427,346,315,321,346,,464
465,薄款天丝牛仔裤女长裤夏季2017韩版显瘦柔软舒适大码松紧腰哈伦裤价格：198,米拉的幸福时光,151,1.5003,125,,,314,,,,465
466,夏季新款韩版时尚高腰牛仔裤女短裤宽松休闲裤不规则毛边阔腿热裤价格：124.98,小V家实拍女装,150,0.4266,205,,,,461,,,466
467,YUKI小树家 怒推太显腿长无需ps 牛仔短裤侧边线条夏季新款 k515价格：89.9,YUKIXIAOSHU小树家,150,-0.2833,165,,,,,,375,467
468,春夏女装韩版侧面条纹毛边牛仔短裤高腰宽松阔腿裤显瘦学生牛仔裤价格：34.98,可可里小姐,150,-0.0712,160,,,432,431,,,468
469,2017夏季新款韩版时尚开叉牛仔裤高腰宽松显瘦阔腿九分裤女学生潮价格：36.8,三角衣柜,149,0.083,147,,,,,,,469
470,牛仔短裤女2017夏季新款韩版破洞白色宽松显瘦百搭毛边高腰热裤潮价格：128,牛仔仓储壹号店,149,-0.1406,231,270,360,367,242,418,484,470
471,牛仔裤女九分裤高腰修身显瘦直筒春夏季2017新款小脚裤浅色休闲裤价格：36,小宅女大购物 xiaozhainv 小宅女家 xiao zhai nv,149,-0.1959,161,,,,,,459,471
472,ulzzang夏装新款韩版女装高腰显瘦不规则破洞牛仔短裤女牛仔短裙价格：20,小宅女大购物 xiaozhainv 小宅女家 xiao zhai nv,149,0.1216,144,,,,,,,472
473,破洞牛仔裤女宽松直筒学生浅色bf乞丐裤2017夏季新款哈伦九分裤价格：168,纯儿服饰旗舰店,149,-0.0062,169,197,241,288,256,444,,473
474,白色高腰牛仔短裤女春夏季2017新款韩版破洞宽松阔腿显瘦百搭a字价格：89.7,韩势牛企业店,148,-0.4977,252,,,,,62,248,474
475,复古港味学院风大口袋不对称拼接宽松休闲牛仔背带裤女夏阔腿短裤价格：41.8,QGZ七公主女装,148,0.0898,162,,,,,,,475
476,夏季新款韩版黑灰色宽松阔腿牛仔五分裤女破洞显瘦口袋吊档短裤潮价格：169,曼莎牛仔专售店,148,-0.097,138,,,,433,,,476
477,牛仔短裤女夏季2017新款韩版高腰宽松显瘦学生百搭bf风毛边超短裤价格：88,姿梵娜旗舰店,148,-0.1737,105,244,276,218,284,281,474,477
478,黑白灰色高腰牛仔短裤女夏毛边胖mm加肥大码宽松200斤韩版热裤潮价格：29.9,Since2015  沫沫家,148,-0.0358,176,364,422,469,382,433,,478
479,VINTAGE PUDR 3767正品17夏季新款显瘦磨破毛边牛仔短裤热裤女潮价格：70,琉璃街 女装馆,147,-0.0698,134,443,459,,417,454,,479
480,韩版春夏学生宽松显瘦高腰九分牛仔裤女bf风破洞松紧腰长裤哈伦裤价格：116,贝迪谷旗舰店,147,-0.0515,123,393,338,305,330,349,,480
481,白色牛仔短裤女宽松2017夏季新款学生高腰韩版潮破洞百搭春款热裤价格：140,雅来特旗舰店,147,0.1069,124,483,492,,498,,,481
482,2017新款韩版牛仔裤女长裤小脚裤春季破洞弹力裤子女铅笔裤黑色潮价格：198,鹿女郎旗舰店,147,-0.1547,172,428,403,300,415,398,493,482
483,天天特价2017夏季新款复古chic风牛仔裤高腰显瘦九分阔腿裤女学生价格：39.8,三角衣柜,146,-0.3548,146,,,,,,329,483
484,短裤女夏季韩版宽松学生高腰复古前短后长牛仔热裤毛边显瘦休闲裤价格：28,小宅女大购物 xiaozhainv 小宅女家 xiao zhai nv,146,-0.2084,159,,,,,,439,484
485,2017新款牛仔短裤女夏季韩版高腰宽松显瘦学生百搭bf风chic超短裤价格：69.9,Zifanna 品牌店,146,-0.1153,127,,,,,,,485
486,韩版修身显瘦牛仔裤裙女夏弹力紧身学生牛仔短裤防走光半身裙裤潮价格：188,牛仔故事,145,0.1862,204,,,497,485,459,,486
487,港味牛仔裤女2017新款韩版chic风复古裤子学生宽松直筒裤九分裤夏价格：37.98,试衣间SYJ,145,-0.1111,105,403,399,368,466,,,487
488,2017新款牛仔短裤女夏韩版宽松学生高腰百搭港味bf风chic超短热裤价格：88,姿梵娜旗舰店,144,0.0353,206,,,,482,385,,488
489,夏季新款女装韩版宽松显瘦阔腿裤开叉高腰毛边牛仔裤短裤学生裤子价格：26.98,试衣间SYJ,144,-0.0096,190,,,,,,,489
490,MISS FLY 2017夏季新款女韩版重工钉珠开叉牛仔喇叭裤修身九分裤价格：178,MISS FLY,144,-0.2245,105,,,,,,461,490
491,韩国时尚侧面条纹毛边牛仔短裤夏季高腰破洞宽松阔腿裤牛仔热裤潮价格：14.9,苏菲家潮人馆,144,0.1454,242,,,,,,,491
492,夏新款女装chic港味复古修身显瘦学院风高腰毛边热裤阔腿牛仔短裤价格：29.8,麻辣小黑粉,143,-0.2266,207,,,,,,470,492
493,2017夏季新款女装韩版百搭花朵刺绣破洞水洗磨白牛仔短裤热裤 潮价格：98,妞妞旺铺快时尚潮流女装,143,0,232,286,,,,,,493
494,2017夏新款韩版大码200斤胖mm高腰牛仔短裤女装宽松显瘦阔腿热裤价格：99,ET女装店,143,0.0689,193,,,460,347,432,,494
495,古西亚牛仔短裤女夏高腰显瘦毛边破洞黑色阔腿热裤2017新款韩版潮价格：168,古西亚旗舰店,142,-0.2795,109,307,342,377,352,336,412,495
496,喇叭裤女九分裤牛仔裤韩国流苏显瘦高腰春季2017新款韩版微喇叭夏价格：68,别听她们的,142,-0.1342,188,162,224,228,366,296,,496
497,欧版BF风显瘦高腰阔腿裤女牛仔裤宽松大码学生毛边阔脚九分裤春季价格：129,尚谷之鹿旗舰店,142,12.0074,144,,,,,,,497
498,白色牛仔短裤女夏2017新款修身显瘦性感弹力紧身毛边破洞热裤学生价格：118,锦绣伊人牛仔服饰,142,-0.0205,210,277,288,333,374,355,,498
499,港味复古韩国chic风复古显瘦浅色撕边牛仔裤高腰百搭休闲阔腿裤女价格：40,港妹潮人馆,142,-0.0503,98,,,,,,,499
500,高腰牛仔短裤女夏季学生白色破洞毛边韩版宽松超短裤大码aa热裤价格：60,三藏牛仔,142,0.0442,152,,,,,476,,500